movieId,title
260659,Falling for Figaro
166338,Young Man of Manhattan
265872,Fiddlesticks
1258,"Shining, The"
249352,A Drunk Scorpion Will Sting Itself to Death
188199,Jazzclub - Der frühe Vogel fängt den Wurm
225027,God of Vampires
230865,Peões
169684,The Thirteenth Tale
27070,"Place Called Chiapas, A"
245484,Frog-g-g!
8488,Siddhartha
186381,Campeones
167354,Stratos
207325,The Secret Life of Cats
101431,"Christine Jorgensen Story, The"
270880,A Day of Judgment
175771,Villa Henriette
206791,Dangerous Partners
184815,Hunter's Blood
80557,Camp Hell
298845,True Vengeance
69159,Jimmy and Judy
256655,The Million Dollar Kid
137751,Mrs. Ashboro's Cat
233731,Marketing the Messiah
97401,Terumae romae (Thermae Romae)
280102,Baal
274169,Monkey Love?
26792,Sidekicks
132325,The Return of Count Yorga
195019,The Keeping Hours
26875,"Pure Formality, A (Pura formalità, Una)"
281388,The Phenomenon
89910,"Housewarming (Travaux, on sait quand ça commence...)"
128366,Patton Oswalt: Tragedy Plus Comedy Equals Time
184641,Fullmetal Alchemist 2018
266744,Drift Fence
233083,Zappa
147799,"Time, Gentlemen, Please!"
119563,12 Dates of Christmas
247708,Where No Vultures Fly
211255,Havana 57
273373,Marcel the Shell with Shoes On
161850,Jimi Hendrix: The Last 24 Hours
148402,Drone
170577,Those Who Remain
115873,"Red Beret, The"
247544,Conduct Report on Professor Ishinaka
188599,Synesthesia
187893,Kanden Kadhalai
197825,Little Red Riding Rabbit
253794,In Your Shoes
202263,In the Year 2889
130642,Backcountry
188413,Thenali
214532,Senda torcida
221898,Las que tienen que servir
133215,The Comedians of Comedy: Live at The Troubadour
167734,Mr. Vampire 2
55553,Black Sheep
69134,Antichrist
254869,American Venus
178349,Mademoiselle Gobete
268994,Der Wunschzettel
105922,Backwoods
288753,The Deep Web: Murdershow
216127,The Roads Not Taken
254396,Sisters: The Summer We Found Our Superpowers
210015,Seide
237572,China
227877,Zola
157645,Festival At The Poolroom
191131,Girls Like Magic
138328,The Last Man on Earth
7388,"Brother Sun, Sister Moon (Fratello sole, sorella luna)"
118544,The... Beautiful Country
102188,Tunnel Rats (1968 Tunnel Rats)
277766,Fuks
216185,Mussolini and I
57848,Canvas
134561,Mi rifaccio vivo
265614,Death Valley
176583,Sanctimony
270586,Gerrymandering
236843,My Sweet Holiday
113380,Only God Knows (Sólo Dios Sabe)
188429,I'm Flash!
250850,The Sore Losers
42634,Boys Don't Cry (Chlopaki nie placza)
245818,The Power
178313,Blood Pressure
205921,24 Weeks
230625,Helmut Newton: The Bad and the Beautiful
131419,The Rig
110553,The Amazing Spider-Man 2
273941,Moksha: Salvation
169064,Faith Connections
278646,Deck of Cards
207141,Life Like
6597,"Princess Blade, The (Shura Yukihime)"
112460,Planes: Fire & Rescue
285631,Ally Was Screaming
7137,"Cooler, The"
142701,Headspace
189497,Reset
183029,Crash Pad
161368,Old Ironsides
152021,Tough
278982,Prescient
255611,The Gangster's Daughter
89246,Orderers (Les ordres)
161930,Hafu
293603,Gehara: The Dark and Long-Haired Monster
103182,Julius Caesar
61961,On the Beach
91485,"Expendables 2, The"
80924,Where the Red Fern Grows
178571,Men at Work
72228,Creation
260265,The Kidnapping of Groom
115386,Charlie Chan's Chance
191725,Makala
140844,13 Minutes
247296,M
274883,The Gunman From Bodie
71404,"3 Worlds of Gulliver, The"
295541,Atomic Saké
204146,A Peacock's Tail
299177,Boso Dos
186439,Wake
273179,Lucky Jim
164125,Janie
194546,Sheikh Jackson
39439,God's Sandbox (Tahara)
137136,Beach Pillows
2032,"Barefoot Executive, The"
45508,Wah-Wah
155693,The Ape Man
144432,Hindsight
270438,WWE: Liv Forever
154448,The Acid Eaters
121302,Someone's Gaze
3741,Badlands
104374,About Time
258035,Oh My Ghosts
157445,Ghost of Dragstrip Hollow
225681,Mabel's Busy Day
26397,Brass Target
284591,Autoluminescent: Rowland S. Howard
5477,Sex and Lucia (Lucía y el sexo)
284851,Snow Day
259925,The Chairman
89244,Face (Visage)
260377,666: The Demon Child
184979,Big Bear
294969,The Executioner
239736,The Girl Friend
159443,Office
156694,Zombie Ass: Toilet of the Dead
116433,America's Most Haunted Inns
255079,The Boy Who Cried Bitch
77833,Armadillo
249448,Top Coat Cash
202111,Skeletons in the Closet
245370,The Fabulous Filipino Brothers
193277,Your Face
104954,Joy of Sex
241680,David F.
243070,Abducted: The Jocelyn Shaker Story
190629,West of Hell
108949,"Art of the Steal, The"
272925,Alice's House
184989,Dovlatov
79914,Centre Stage: Turn It Up
3030,Yojimbo
71730,"Windmill Movie, The"
185549,Finding Graceland
4155,Sweet November
270568,Raven
111684,"Babysitters Beware (NØ Sit List, The) (No-Sit List, The)"
163779,"Kiki, Love to Love"
240988,Field of Operations: Leningrad
149288,The Great Commandment
3225,Down to You
163665,The First Annual 'On Cinema' Oscar Special
165111,Nome Próprio
157675,Micro Men
149810,Parade
178861,Loving
154188,Pretpark Nederland
139519,One Missed Call 3: Final
4476,Big Business
118286,Eat
296405,Ang Pangarap Kong Holdap
287613,The Machine
150952,King
139134,Soodhu Kavvum
121993,Night Court
217867,To Be Number One
285419,National Theatre Live: Dara
136892,Dreams with Sharp Teeth
139483,The Alumni Chapter
154218,The Fabulous World of Jules Verne
156260,The Lone Wolf and His Lady
104243,Riddick
256857,Dial 100
197273,Ghost Patrol
173625,She
3737,Lonely Are the Brave
177407,Father Brown
152801,Vortex
209907,What a Woman!
153404,Os Cafajestes
112735,Charlie's Country
272627,Foreboding
1415,"Thieves (Voleurs, Les)"
201937,Love O2O
159131,Emperor Tomato Ketchup
247734,A Chorus of Disapproval
228695,One Under the Sun
93187,Freedom
276191,Hero in the Family
259991,One Woman's Courage
257551,Raging Fire
186883,La musica
174697,Savageland
299033,The Greatest Hits
831,Stonewall
230497,Darkness in Tenement 45
47099,"Pursuit of Happyness, The"
241338,Override
270182,White Building
268838,Who's the Boss
271403,The Wounded Heart
266768,Lost Worlds: Life in the Balance
274399,Dancing on Glass
123310,Tornado!
258809,Never Open the Door
169560,Nate Bargatze: Full Time Magic
138606,The Rise and Rise of Bitcoin
124320,Once a Thief
237352,Bloody Muscle Body Builder in Hell
206111,Baby Steps
256503,Little Sister
178539,Stranger in a Cab
143937,Death of a Salesman
189443,Macross: Do You Remember Love?
189761,Les Tuche 3
215567,Resistance
278710,All for Three
152755,Atlantic Rim
160175,Vares - The Girls of April
249156,Tormenta
247512,The Glass Sphinx
130926,House of Mortal Sin
172507,Stone
138468,Alza la testa
294469,Kurukkan
174743,Eat Local
172511,Payback: Straight Up
219703,Portugal S.A.
194366,Kolamavu Kokila
183797,Larceny
37857,MirrorMask
199964,By The Grace of God
205547,The Heckling Hare
130105,Blue Collar Comedy: The Next Generation
27348,Needing You... (Goo naam gwa neui)
275173,The Bob's Burgers Movie
84660,"Misadventures of Margaret, The"
91167,"Inconvenient Tax, An"
150586,L'équipage
249486,Love Stories in Sunflower Valley
208861,Next
130351,The Wrecking Crew
39381,"Proposition, The"
289841,The YouTube Effect
123316,Saratoga
159044,"Live Once, Die Twice"
106718,All Hat
240502,Cosmoball
131476,Christmas at Cartwright's
211504,Rogue Warfare: Death of a Nation
202535,India's Most Wanted
169918,Jon Stewart: Unleavened
247992,Furia libertaria
232465,Mr. Rice's Secret
27858,Green Tea (Lü cha)
2697,My Son the Fanatic
110562,Dragonfly
258155,Tramontana
274827,We Need to Talk
248184,Offseason
247378,Why Am I Doing This?
805,"Time to Kill, A"
109364,"King and the Mockingbird, The (Le roi et l'oiseau)"
220900,Body Electric
135143,Fantastic Beasts and Where to Find Them
115423,My Father and the Man in Black
76160,It Happened at the Inn (Goupi mains rouges)
5989,Catch Me If You Can
241754,The Ritual
116161,Foxcatcher
184441,29+1
121360,Evel Knievel
186795,Sharqiya
72096,"Collector, The (Komornik)"
158049,Rio 2096: A Story of Love and Fury
1232,Stalker
183679,ChickenHawk
26019,Fiend Without a Face
127118,I Am Michael
186219,The Phantom of the Opera
162410,3 Türken und ein Baby
211205,Good Newwz
26938,"Hunters, The (Jägarna)"
83912,Frankie and Alice
170641,Spring on Zarechnaya Street
84777,All the Colors of the Dark
4236,Keep the River on Your Right: A Modern Cannibal Tale
111303,I Think We're Alone Now
219998,Clownwise
5358,Mountains of the Moon
142230,Beyond Darkness
169590,Brian Regan: Live From Radio City Music Hall
158988,Mystery in Mexico
297285,Alemania
164538,Lost in Munich
158914,Perfect on Paper
203346,Ballistic Kiss
129423,Pigs
156208,Smoky
218221,Last Call
107065,I-See-You.Com
80352,Young Again
25886,Random Harvest
226546,Let Him Rest in Peace
7321,Twisted
198083,Strange Illusion
171857,The Stone Raft
133411,Open Season
244838,‎Summer Impressions of the Planet‎ Z
240132,The House with 100 Eyes
950,"Thin Man, The"
114752,Bloody Pit of Horror (Il boia scarlatto) (Virgins for the Hangman)
161668,Guys and Dolls
159486,Jack of the Red Hearts
247170,Mountain
155247,The Island Monster
150554,The Love Bug
1601,Hoodlum
198115,Revenger
194987,Don't Go
82669,"Night Train Murders (Last Stop on the Night Train) (Ultimo treno della notte, L')"
214574,The Intruder
120506,You Know What Sailors Are
240072,Love's Christmas Journey
165041,The Zombie Diaries 2
6488,Jet Lag (Décalage horaire)
221292,Sisters of the Plague
160662,First Light
170737,Claire
128,Jupiter's Wife
111360,Lucy
69241,Berlin Alexanderplatz
2587,Life
149478,Just Walking
8725,"Goodbye, Columbus"
2582,Twin Dragons (Shuang long hui)
207720,Obsession
272683,The Girl in Room 2A
286463,The David S. Pumpkins Halloween Special
242394,"Sweetie, You Won't Believe It"
98783,Shaolin Temple 3: Martial Arts of Shaolin (Nan bei Shao Lin) (Martial Arts of Shaolin)
5963,"Children's Hour, The"
197503,Los habitantes de la casa deshabitada
115715,Learning to Ride
65357,House of Sand (Casa de Areia)
250114,True Justice - Brotherhood
186033,Lumière ! L'aventure commence
265234,Lucidité passagère
147326,The Adventures of Sherlock Holmes and Doctor Watson: King of Blackmailers
170477,Atomica
40988,Hondo
26223,Gamera vs. Jiger
185295,The Outsider
243006,The Wolf Catcher
220188,One-Way to Tomorrow
176407,The Honored Priest: Confession of a Samurai
86866,Godzilla Raids Again (Gojira no gyakushû)
253024,Shhhh
221218,My World Dies Screaming
262729,Mama Got Married
280076,Joyland
77204,Sahara
152097,Hayride 2
244156,Marlene
116909,The Oblong Box
145666,Pensione Paura
182703,Moscow Zero
234967,Ivan the Incredible
211357,Skull Heads
181761,Ben and Me
27417,Lone Star State of Mind
205885,Black Snow
117109,Too Many Cooks
175047,Killer by Nature
101322,"Crossing, The"
96631,Deathstalker II
278966,Muru
219507,Poison Pen
262969,Smoke Screen
279284,The Prophetess of Thebes
99679,"Guns, Girls and Gambling"
170665,Ithaca
174521,"Why, Charlie Brown, Why?"
199085,Hello I Love You
191373,Poor Cinderella
49278,Déjà Vu (Deja Vu)
284351,Il pane a vita
243680,If All the Guys in the World...
238544,Diabolic Wedding
2360,"Celebration, The (Festen)"
174723,Island of Lost Women
201000,"You're So Cool, Brewster! The Story of Fright Night"
290275,Ravening
31364,Memories of Murder (Salinui chueok)
167154,Say 'I Love You'
210913,Silent Night
6063,May
101581,Angel Dog
158970,Alone in the Wilderness Part II
27847,Game Over: Kasparov and the Machine
6990,The Great Train Robbery
183379,Renegades
157192,The Lonely Lady
221060,Clear Skies
117438,When Marnie Was There
133974,Just a Gigolo
239966,China Sky
299221,Graphic Desires
186575,Producing Adults
196767,"No Pay, Nudity"
190027,Sorry Angel
60618,Moving McAllister
94312,"Catechism Cataclysm, The"
152828,Ishq Vishk
266690,The Secret of the Nutcracker
261637,The Return of Draw Egan
284647,Bring Out the Fear
247962,Barefoot in the Kitchen
6893,"Italian Job, The"
183269,The Stolen
73002,Hard Luck
153766,Welcome
294573,Infested
161030,Crazy Eyes
200510,Where Man Returns
246894,"Sincerely, Yours, Truly"
192047,"Memory for Max, Claire, Ida and Company"
267898,Creatures
128882,The Outsider
158172,Heartbreakers
182309,Springtime
6837,Love Affair
199161,L'avant dernier
257223,Loving Miss Hatto
146622,Mio padre Monsignore
215971,The Rainbow
198863,Secrets of the Solar System
121190,When in Rome
101229,May the Best Man Win
269966,The Long Night
156182,"No Leave, No Love"
122831,Latin Lovers
282659,Not Gay
90827,Loft (Rofuto)
74127,Shriek of the Mutilated
150931,Bridge To Terabithia
258515,Invaders of the Lost Gold
60753,Felon
145046,Railways
262159,A Promise to Carolyn
274005,18 Bronzemen
180091,Pokémon the Movie: I Choose You!
1883,Bulworth
246896,Identity Theft of a Cheerleader
169742,Zombie Fever
217360,A Russian Youth
157023,Sweepings
67839,"Lucky Ones, The"
121184,Save the Last Dance 2
220952,Two Undercover Angels
203298,Checkered Ninja
111702,Shoot-Out at Medicine Bend
147762,Ride Out for Revenge
243052,Valentin Valentin
197617,The Troubleshooter
136912,God Loves Caviar
33914,"Racket, The"
222318,Scary Stories
207197,Collider
7340,Just One of the Guys
210579,What About Love
202996,Paradise Lost
213509,Creative Nonfiction
6365,"Matrix Reloaded, The"
149075,Troublemakers
65840,Where Is Fred!? (Wo ist Fred?)
168554,iBoy
105453,On the Job
234565,The Eyes of Asia
203110,Head Count
138650,The Midnight Swim
228317,A Thousand Kisses Deep
71386,"Forever, Darling"
144068,Eaters
259215,Prey
118025,Upstairs and Downstairs
109524,"Woman Always Pays, The (Afgrunden) (Abyss, The)"
197345,A Living Promise
187773,Friend
200824,The Secret Life of Pets 2
116710,Young Man with a Horn
92713,Forest of Bliss
246168,The Christmas Edition
275005,The Devil's Tail
297991,Dirty Blondes from Beyond
143845,Arrivano i bersaglieri
193563,Gutland
236451,O.H.M.S.
242574,The Steel Cage
251786,Spiker
294389,T
265268,The Tenant
207249,American Woman
111887,Bettie Page Reveals All
3790,Groove
189183,Scandal Makers
157891,Lust for a Vampire
139513,"I Love You, I Don't"
261869,Law and Lawless
199856,End of the World
258387,Falling Star
160710,Absolutely Fabulous: The Movie
272735,My Mother's Wound
128207,Love Story
279970,All That Breathes
131246,Across the Moon
8011,"Weather Underground, The"
149418,The Black Panthers: Vanguard of the Revolution
155898,Giovanni's Island
70497,Stone of Destiny
202675,Hold-up
282387,Beyond the Universe
111389,Kid Cannabis
193407,Mr. Know-It-All
149753,Shadows on the Wall
49291,I Wake Up Screaming
188285,The Grey Wolf & The Riding Hood
257461,Wetware
144956,9/11: The Falling Man
4085,Beverly Hills Cop
222342,See Know Evil
194028,Owned: A Tale of Two Americas
258451,Last Night in Soho
297633,Rogelia
27903,"Eye 2, The (Gin gwai 2)"
160392,Trenchcoat
179127,The Music of Strangers: Yo-Yo Ma and the Silk Road Ensemble
257697,The Dwarf
205859,Todos estamos invitados
25850,Holiday
266492,Maximum Achievement: The Brian Tracy Story
259157,Virtual Seduction
81204,"Disappeared, The"
149917,Little Fugitive
123489,Judgment Day
131840,Rafferty and the Gold Dust Twins
190019,Hill 24 Doesn't Answer
294349,Shrapnel
284463,Democracy Under Attack - An Intervention
124033,In Our Time
139711,Honor Thy Father
171197,Lady in the Dark
176915,The Aurora Encounter
477,What's Love Got to Do with It?
191767,"Balloon Club, Afterwards"
220974,The Leaden Echo and the Golden Echo
80848,Looking for Cheyenne
210057,A Million Little Pieces
200988,The Agro Rebel: Permaculture in the Salzburg Alps
200050,The Daughter
190099,Find This Dumb Little Bitch and Throw Her Into a River
109616,Fire in the Blood
167420,The Master and Margarita
207864,That Kid
884,Sweet Nothing
220332,Orpheus' Song
264464,40 Years in the Making: The Magic Music Movie
66200,Two Lovers
90554,"Book of Stars, The"
148962,Wir sind die Neuen
143321,A Teacher's Crime
163867,Problem Girls
162408,A Stand Up Guy
143615,Pizza Connection
2374,Gung Ho
157160,Nordsee ist Mordsee
106452,Ida
217785,The Invincible Dragon
226660,Recreation
5723,Continental Divide
131522,Atlántida
138054,Van Nuys Blvd.
254865,Leaving Africa
276063,B-Boy Blues
170159,The Bridge on the River Kwai: An Appreciation by Filmmaker John Milius
219007,Fury of the Demon
68576,"Man from Monterey, The"
123669,"See Here, Private Hargrove"
176763,Lantouri
195429,Becoming Astrid
153925,Cameraman Ganga Tho Rambabu
131570,The Humbling
192819,The Bare Wench Project 2: Scared Topless
66659,Tyler Perry's Madea Goes to Jail
179793,The Long Farewell
91821,"Muppet Family Christmas, A"
161000,Mad Dog Coll
5108,John Q
82747,"Insect Woman, The (Nippon konchûki)"
247384,Roza of Smyrna
114070,"Good Job:  Stories of the FDNY, A"
127027,The Land Unknown
163941,The Hollars
287269,The Ritual
205845,Demons in the Garden
172723,Assassin's Creed: Lineage
226938,Attacking the Darkness
109483,That Awkward Moment
292347,Hip Hop Family Christmas Wedding
266796,"Gambling, Gods and LSD"
172045,The Challenge... A Tribute to Modern Art
162460,The Childhood of a Leader
143377,Glen Campbell: I'll Be Me
69712,My Sister's Keeper
196087,Burn the Stage: The Movie
229227,Power Rangers Super Megaforce: The Legendary Battle
261343,Dog Food
100310,Butchered
82834,Elena and Her Men (Paris Does Strange Things) (Elena et les hommes)
150014,De Hel Van Tanger
189715,Anonymous 616
100034,Girl Model
215967,Тугой узел
94475,Amu
216771,The Jack in the Box
171939,"Monster High: Boo York, Boo York"
27513,Dog Days (Hundstage)
151745,Reptilicus
219402,The Butcher Boy
227002,Let Him Go
227666,Hosts
2283,"Sheltering Sky, The"
124322,House Party 4: Down to the Last Minute
232455,A California Christmas
97168,Marley
6669,Ikiru
104069,Louis C.K.: Oh My God
118260,The Borderlands
132904,"OC87: The Obsessive Compulsive, Major Depression, Bipolar, Asperger's Movie"
105187,Linotype: The Film
291489,Big House Bunny
271533,Nightride
175077,Fatal Call
76182,Rockabilly Vampire
289265,Outer Touch
46034,Mountain Patrol (Kekexili)
263711,National Theatre Live: Antigone
284951,The Children of the Commune
129317,One on Top of the Other
96596,Branded
279960,The Red Tree
233061,Naanga Romba Busy
207564,O princezně na klíček
208833,Tengo 17 años
124697,Slightly Dangerous
109195,Cavemen
134242,The Annunciation (Angyali üdvözlet)
209869,The House on Garibaldi Street
227849,Real Buddy
206891,Tehran: City of Love
175783,First Kill
237806,Bigfoot vs the Illuminati
228407,Destiny
492,Manhattan Murder Mystery
1551,Buddy
134194,The Last Desperate Hours
167332,Gabriel & Me
178465,Clowntergeist
244966,Sophie Jones
144606,Confessions of a Dangerous Mind
252506,Potosí
61041,"Take, The"
176325,Star Leaf
40494,Zombie and the Ghost Train (Zombie ja Kummitusjuna)
439,Dangerous Game
114426,Trailer Park Boys: Don't Legalize It
50940,Murk (Mørke)
243666,Ruben Guthrie
191875,The April Chill
6403,"Swimmer, The"
163765,How to Hook Up Your Home Theater
130288,Two of a Kind
189201,The Black Rider: Revelation Road
297969,Monsters 103 Mercies Dragon Damnation
209005,Paris The Luminous Years
6305,Fahrenheit 451
137898,Señor Droopy
102744,Night at the Crossroads (La nuit du carrefour)
260207,Welcome to Hoxford : The fan film
121009,All Relative
139922,Something good
152952,Glastonbury
130562,One in a Million: The Ron LeFlore Story
182559,Dawson City: Frozen Time
231439,The Longest War
211185,Ella Fitzgerald: Just One of Those Things
1865,Wild Man Blues
3438,Teenage Mutant Ninja Turtles
199101,The Prodigy
278124,"Watch Out, We're Mad"
1959,Out of Africa
218651,Zuma Beach
126020,Rubber Johnny
245158,Jeffrey Archer: The Truth
255469,The Queen of Crime
38992,Two for the Money
254825,A Love to Remember
280688,Amira
87173,Turbulence 2: Fear of Flying
8890,"Alligator People, The"
258823,Piazzolla: The Years of the Shark
138972,MoniKa
276587,L'assassin de ma fille
256327,Phil Wang: Philly Philly Wang Wang
268134,The Adventures of Iron Pussy
44724,Urban Legends: Bloody Mary
242302,Eyes On Me
184127,How the Beatles Changed the World
156226,The Drifter
209531,While the Patient Slept
129231,Reflections
576,Fausto
201741,Private Violence
141710,Animals
147919,Pound
156862,Sweet Micky for President
170787,"Everything, Everything"
129990,Sergeant Klems
273191,Oslo Copenhagen
164905,Voyage of Time: Life's Journey
144082,Mamma Ebe
157959,Term Life
139046,My Golden Days
193663,Camp 14: Total Control Zone
181599,The Devil's Woods
86882,Midnight in Paris
283447,The Last Deal
207339,Venus in Furs
203342,"Buenaventura Durruti, anarquista"
217469,Hannah Gadsby: Douglas
141454,Interviews with My Lai Veterans
205044,I Needed Color
124160,Whoever Slew Auntie Roo?
232431,A Valentine's Match
6734,Memoirs of an Invisible Man
26205,"Goodbye, Mr. Chips"
1372,Star Trek VI: The Undiscovered Country
210643,Demon Hole
134779,Mere Brother Ki Dulhan
136538,Teen Titans: Trouble in Tokyo
107224,"Wipers Times, The"
194630,The Other Woman
214214,American Hollow
243116,50/50
95604,The War
284715,"If It Don't Fit, Use a Bigger Hammer"
2498,My Favorite Martian
209761,Adam
284165,Bunker
298661,Mother Courage and Her Children
114635,"Look of Silence, The"
102131,Valentino
210137,Marquise
269886,In Case of Emergency
54561,Abraham
133185,The Bélier Family
72212,100 Men and a Girl (One Hundred Men and a Girl)
173137,Kill Switch
289129,The Beanie Bubble
117342,Real Time
299387,Housekeeping for Beginners
255205,Cradle of the Gods
84162,"One and Only, The"
4647,Jackpot
155457,Onaayum Aattukkuttiyum
197093,Ragged Life of Juice Leskinen
262563,"The VI Olympic Winter Games, Oslo 1952"
271158,The Blinding of Isaac Woodard
85440,Smilin' Through
169836,Loucas pra Casar
230655,Deportees 3
176949,We're from Jazz
174487,"Don't Hug Me, I'm Scared"
214442,A Spasso Nel Tempo
250450,Madame Freedom
65642,"Timecrimes (Cronocrímenes, Los)"
151808,B.B. King: The Life of Riley
294227,Gangs of Lagos
107141,Saving Mr. Banks
272439,Laserhawk
253616,Settlers
282091,Jubilo
242320,Samsquanch County
85365,"Wildest Dream, The"
140633,Another World
123459,The Last House in the Woods
270142,Tiger Claws III: The Final Conflict
294851,Wrath of Daimajin
191409,Normal Doors
124190,Private's Progress
186239,Road Movie
172483,Perth: The Geylang Massacre
202657,14 Minutes from Earth
118530,Fans
112214,Born Reckless
272357,A Shot in the Factory
177891,The Helpers
190887,The Perfect Bride
144466,Deadly Virtues: Love.Honour.Obey.
243774,New Hope
289921,"The Champions, Part 1: Unlikely Warriors"
269164,Wild Tokyo
136160,Arrivano i dollari
275587,One Fine Morning
97692,We Are Legion: The Story of the Hacktivists
274083,Kadaisi Vivasayi
250298,Red Ribbon Blues
165923,The Secret of Crickley Hall
268146,The Wedding Veil
186581,Thawed Carp
277964,The Immaculate Room
242780,The Red Phone - Manhunt
134749,The Double Man
102352,"Three and Out (Deal Is a Deal, A)"
3002,My Best Fiend (Mein liebster Feind)
1941,Hamlet
202519,Child's Play
204126,Lies We Tell
184427,Keep Watching
246772,The Music Critic
221288,Termination
2665,Earth vs. the Flying Saucers
50440,Primeval
244724,Vir Altyd
173963,Empties
188303,The First Purge
132644,An Act of War
262529,Pokémon the Movie: Secrets of the Jungle
47397,"Tom, Dick and Harry"
90211,Salaam Cinema
294417,Mission Majnu
74740,Fermat's Room (La habitación de Fermat)
77353,Achilles and the Tortoise (Akiresu to kame)
223536,"Untitled (Burned Rubber on Asphalt, 2018)"
146046,Quartier Lointain
227126,The White River Kid
117970,Poet's Pub
70649,A City of Sadness
176875,"Daniel, the Wizard"
276135,Y?
132253,Heathens and Thieves
70562,"Ramen Girl, The"
109651,Bird of Paradise
7117,Leprechaun
55517,I Want Someone to Eat Cheese With
197247,Bravo Virtuoso
33581,Bad Boy (Dawg)
207786,The Massie Affair
236739,Of Two Minds
3340,Bride of the Monster
263133,Julia Louis-Dreyfus: The Kennedy Center Mark Twain Prize
7573,Never Say Never Again
288605,After Work
112173,For Ellen
276589,Vesper
287529,Bashful
187437,She Spent So Many Hours Under the Sun Lamps
8240,Totally F***ed Up
285593,Guardians of the Galaxy Volume 3
128279,Sylvia and the Ghost
148875,Ingredients
173053,Girls Town
239524,Ghost Planet
84886,"Rothschilds, The (Die Rothschilds)"
121225,I Am Ali
220144,Web of Lies
8700,Destination Tokyo
94955,Harriet Craig
239288,Brando
125553,Apache Trail
63781,"Living Sea, The"
233523,My Psychedelic Love Story
93792,Four Sided Triangle
78858,Dream Wife
165577,Behind Convent Walls
155527,Tales from the Crapper
231277,Santa and Pete
179919,Taipei Story
4166,Series 7: The Contenders
216065,Turok: Son of Stone
198953,Part-time Spy
271695,Bonboné
261555,Even Mice Belong in Heaven
288755,The League
253862,Almost Perfect
6938,Billabong Odyssey
117995,Murder Will Out
3521,Mystery Train
122579,TekWar: TekLab
77229,Hotel Reserve
68175,"Magic of Méliès, The (magie Méliès, La)"
226300,Shortcut
138929,Trapped
168670,The Feast of the Goat
135893,Rough Cut
136542,Mickey's Christmas Carol
111789,Gulliver's Travels
151080,Destiny
119007,Zoom Zoom Zoom N. ° 2
200360,Your Move
212114,Premature
194322,Death Warmed Up
141944,...ing
177531,Fast Company
208711,Seth Meyers: Lobby Baby
168374,Man Without a Star
116171,Everybody Dies But Me
158402,The Crew
120909,What Fault Is It of Ours?
132482,Gutshot Straight
135995,American High School
280524,Mr. Fix-It
183709,Harvest
149338,Tyke Elephant Outlaw
198859,Kíla: Pota Óir
3584,Breathless
147360,Don't Open Till Christmas
208743,Judgment Day: The John List Story
258315,Death Has Blue Eyes
153808,Boris Without Beatrice
169760,Lady Macbeth
258317,Mutt Boy
126575,Everly
26561,Vision Quest
89831,"Strip, The"
289587,Rome & Jewel
117472,Comme les 5 doigts de la main
2790,"Final Conflict, The (a.k.a. Omen III: The Final Conflict)"
279724,Trouble Shooters: Trapped Beneath the Earth
202633,Wilson City
90853,"Heirloom, The (Zhai Ban)"
162432,Crossroads to Crime
93900,Popatopolis
264341,The Go-Go Boys: The Inside Story of Cannon Films
110548,"Loving Story, The"
233633,The Edge of Theocracy
276895,Wayward
99970,First Shot
222933,Liebesgrüße aus der Lederhose 2: Zwei Kumpel auf der Alm
274229,Tony Halik
152284,War and Peace
135186,Daddy and the Muscle Academy
150132,"Taxi, Trailer and Bullfight"
196003,Play the Devil
209137,The Reward's Yours... The Man's Mine
236471,My Darling Daughters' Anniversary
125007,The Hoodlum
175873,King's Road
238058,Black Beach
235635,The Door
822,Hedd Wyn
153578,Khamsa
212417,Naughty Grandma 2
287981,The God Man
185937,Two Moons
281758,The Catch
171187,George Carlin: What Am I Doing in New Jersey?
124440,The Last Big Thing
257863,The Chickening
133551,"Skatetown, U.S.A."
202785,The Most Beautiful Couple
87882,De Dana Dan
248830,Captive
226744,Created Equal: Clarence Thomas in His Own Words
128520,The Wedding Ringer
88889,From Beijing with Love
184817,Lunch Meat
3908,Urban Legends: Final Cut
141648,We Are Your Friends
190601,The Life Coach
294263,The Kids in the Hall: Comedy Punks
216055,Queen Crab
205186,Monolith
199103,Franco Escamilla: For the Anecdote
189103,The Guardians
217991,Human Zoo
280596,Adorável Trapalhão
656,Eddie
178943,Shinjuku Underworld: Chinese Mafia War
127158,Tig
133529,The Man Called Noon
173691,The Dancer
400,Homage
88726,"Petits ruisseaux, Les"
220222,Death of a Gunfighter
158157,Little Forest: Winter/Spring
276211,Fruits Basket -prelude-
5397,Monkey Business
183667,Samurai Wolf II
74204,Mad Detective (Sun taam)
245768,Chaplin's Goliath
125509,Razortooth
201412,Bitter Melon
279088,"The Tunnel to Summer, the Exit of Goodbyes"
210465,The Other Wife
117608,Docks of New Orleans
200568,Balkan Line
251768,Forbidden Fruit: First Bite
277956,Manbaby
147791,Once a Sinner
221090,Hard Kill
8898,"Robinson Crusoe (Adventures of Robinson Crusoe, The)"
276241,Piratensender Powerplay
172533,Nightmare City 2035
141840,Sportloto-82
74342,"Captain Newman, M.D."
295251,Big Town After Dark
175333,Elegy
258605,Body Language
26484,Sugar Cane Alley (Rue cases nègres)
220994,Dad must be crazy!
133413,High Road
66140,Blackout
280662,Capturing the Killer Nurse
66509,Funny People
200620,Blondie's Reward
6217,"Safety of Objects, The"
249840,In The Name of God
267334,The Marriage Escape
195941,Maximum Impact
259761,The Barcelona Vampiress
142596,Evil Things
239984,The Whistle at Eaton Falls
195713,Jonathan
49766,"Man Who Never Was, The"
130420,Outrage
184861,The Founding Of An Army
185445,Traces of Death III
196895,Serenity
293123,RiffTrax Live: Birdemic - Shock and Terror
27338,The Hole
125644,Amuck!
52885,Paprika (Papurika)
166401,The Adventures of the American Rabbit
224995,The Scissors Massacre
115664,The Book of Life
275859,Olga
215429,Song of Back and Neck
149768,Bakit Hindi Ka Crush Ng Crush Mo?
270940,Love Song for Tough Guys
227068,Live Freaky Die Freaky
1716,"Other Voices, Other Rooms"
126030,Isabelle au bois dormant
260739,The Riddle of the Stinson
1093,"Doors, The"
187239,Paris Awakens
274433,Consequence
218337,Litus
191175,The Falklands Play
173611,Dr. Alien
153124,Almanac of Fall
150708,The Dollmaker
225077,We Were Just Playing
169924,"Pete Holmes: Nice Try, the Devil!"
236419,No Diamonds for Ursula
294759,Lumberjack the Monster
227941,Next Door Spy
174507,Scandalous John
92240,Kagi (Odd Obsession)
167284,OMG... We're in a Horror Movie
207333,Miracle Rising: South Africa
186009,Retake
86791,Invitation to the Dance
145590,Demonia
279424,Final Report
298639,Glitter & Doom
300315,Stucco
225237,Double Plus Fifteen
246136,Ghostboat
193001,David Blaine: Real or Magic
152200,Not Everybody's Lucky Enough to Have Communist Parents
298829,Stress Positions
74129,Four Eyed Monsters
130518,The Amazing Screw-On Head
147190,Treasure Island
236037,Lady Beware
191783,The Auteur
248190,Someone's Knocking at the Door
40738,Summer Interlude (Sommarlek)
126791,Septien
189121,Ramen Heads
288001,The Roundup: No Way Out
218779,Rainbow
105338,Kabul Express
6775,Life and Debt
227787,The Wrong House Sitter
107846,MacGyver: Trail to Doomsday
2971,All That Jazz
201418,Friends Forever
243948,Our Father's Keeper
231005,Love in Harmony Valley
263903,Christmas Spirit
184807,Padman
47491,Adam's Apples (Adams æbler)
503,"New Age, The"
49691,Zombie Honeymoon
122248,Tarzan and the Huntress
268300,Mr. Saturday Night
4612,Jesus of Montreal (Jésus de Montréal)
93918,"Big Night, The"
137486,El truco del manco
136888,Dragonslayer
231669,Zack and Reba
245032,Susu
143976,Home
6095,Dragon Lord (a.k.a. Dragon Strike) (Long Xiao Ye)
189657,Demonwarp
134881,Love & Mercy
97423,Michael
238930,Keeper of the Bees
175901,Mister Blot's Academy
2406,Romancing the Stone
285033,Some Boys Don't Leave
105715,Just Wright
83809,Russell Peters: Outsourced
87306,Super 8
48530,"Hawaii, Oslo"
90821,Capricious Summer (Rozmarné léto)
263555,My Hero Academia: World Heroes' Mission
225758,David Attenborough: A Life on Our Planet
62237,Part of the Weekend Never Dies
216845,Malang
199446,The Detained
106637,Alaska Passage
285987,The Goat and Her Three Kids
116708,Youngblood
228847,City Without Men
159425,Seven
124083,Honolulu
180833,The Humanity Bureau
45578,"Earth Is a Sinful Song, The (Maa on syntinen laulu)"
257239,C.A.T. Squad: Python Wolf
229507,The United States of America
289957,The Mistress
73099,"Profit, The"
193497,So auf Erden
176951,Mülheim/Ruhr
294689,A Very Venice Romance
3360,Hoosiers (a.k.a. Best Shot)
172109,"Ashley Madison: Sex, Lies and Cyber Attacks"
201394,Poster Boy
70593,Dillinger and Capone
227,Drop Zone
244842,What Shall Become of You
192537,Vitamania: The Sense and Nonsense of Vitamins
123499,The Hunters
171051,Without Evidence
297173,A Creature Was Stirring
7809,Ambush (Rukajärven tie)
276443,Shark
261443,Hunters
81393,Drum
887,Talk of Angels
159554,Convent of Sinners
196163,March's Child
152509,Werewolf: The Devil's Hound
252782,Manchester United: For the Glory
245896,Love You to the Stars and Back
180701,It Had to Be You
198969,The Circuit
212333,A Family Submerged
99792,Painted Lady
213646,Cruel Peter
277364,Mark of Cain
122486,Vi hade i alla fall tur med vädret
159867,Captive
285055,In Comparison
154508,"Die Frau, die im Wald verschwand"
152986,Bose: The Forgotten Hero
26124,Robinson Crusoe on Mars
266436,Take the 5:10 to Dreamland
288807,Monster
77206,Diary of a Wimpy Kid
130408,A Rumor of War
203160,The Last Black Man in San Francisco
242358,Sexocracy: The man of Bunga Bunga
85689,Otaku
27472,Martin & Orloff
225737,Rubens
179979,Heroes Above All
177209,Acı Aşk
6809,Tightrope
204762,Happy Camper
191509,Ghost of Chibusa Enoki
165303,Merry In-Laws
162232,Daisy Diamond
1720,Time Tracers
130730,Lemon Popsicle
172929,The Nasty Rabbit
274391,Coast
253302,Budapest Heist
142466,Mean Frank and Crazy Tony
244912,A Rather English Marriage
133549,Dead Girl
157009,The Battle at Elderbush Gulch
2744,Otello
1740,Men of Means
281064,The Last Frontier
190609,The Tour
7980,"Bridge Too Far, A"
98248,"Counterfeiters, The (Le cave se rebiffe)"
178347,"Alfredo, Alfredo"
125347,Mandrake
26524,"Times of Harvey Milk, The"
257799,The Town That Banned Christmas
4805,Sayonara
261955,The Rescue
269278,Sunset Carson Rides Again
201666,Top End Wedding
227352,Pražská 5
84859,"Cold Light of Day, The"
200146,Ebba the Movie
123953,Teresa's Tattoo
147600,Desecrated
281362,Mariupolis 2
179225,Mr. Long
186831,Father's Affair
163929,By Hook or by Crook
235649,Prime Minister
145706,Che fine ha fatto Totò Baby?
122531,Malicious
179933,The Candidate
112326,Nick Fury: Agent of S.H.I.E.L.D.
276697,Family Games
63481,Soul Men
293599,The Robber Cries Thief!
125780,A Long Ride from Hell
237063,Alice in Movieland
153923,Race Gurram
128536,Üvegtigris
294277,His Marriage Wow
143668,The Taste of Money
284605,The Mothering Heart
275189,Facing Nolan
93128,"Mozart's Sister (Nannerl, la soeur de Mozart)"
290803,IB 71
124949,Goat
189661,Out of Control
151679,The 30 Foot Bride of Candy Rock
129814,The Adventurers
129209,Hide and Seek
204448,Fail State
148828,For Lovers Only
231147,Godmothered
2486,"24 Hour Woman, The"
106766,Inside Llewyn Davis
138992,Eve of Understanding
168704,The Ring Thing
134214,Youth
178755,November
202799,The Poison Rose
82643,Top of the Food Chain (a.k.a. Invasion!)
101634,"Get2Gether, A"
104750,Killjoy 3
172097,Peasants
177969,The Hike
141311,Tapped Out
110116,Key of Life (Kagi-dorobô no mesoddo)
296299,Caddy Hack
244170,Survival Guide
224991,Mr. Vampire 1992
208331,Hamlet in the Golden Vale
257013,Monster Hunter: Legends of the Guild
73630,One Way Passage
132214,Badge 373
27673,Any way the wind blows
269904,Treachery and Greed on the Planet of the Apes
81751,Uncle Boonmee Who Can Recall His Past Lives (Loong Boonmee raleuk chat)
232307,Border
210651,Playmobil: The Movie
128876,"Saban, Son of Saban"
178615,Front Cover
127311,The Forbidden Room
179739,Left to Die
239356,Price for Peace
137938,Serial Killing 4 Dummys
148805,The Unwanted
195811,This Is Home: A Refugee Story
280188,Fiddling Around
1003,Extreme Measures
150598,The Guvnors
59501,"Chronicles of Narnia: Prince Caspian, The"
79230,"Yellow Handkerchief, The"
129516,Poison
231883,Forbidden Secrets
201416,Consenting Adult
224709,The Paramedic
180525,Deep in My Heart
158024,Dead Shadows
127268,Project Wild Thing
174107,Let Me Dream Again
147410,A Perfect Day
292603,The Female Voice Of Afghanistan: Life After Life
91997,"Garden of Eden, The"
286995,What Men Want
58246,Grace Is Gone
272361,The Ship That Died of Shame
147855,Poppies Are Also Flowers
113857,"Red Elvis, The (Der rote Elvis)"
26828,Mr. Nanny
136249,Scooby-Doo! and the Monster of Mexico
4479,Bird
648,Mission: Impossible
220918,Always Say Yes
282069,Follow Her
273557,Sweet Prudence & the Erotic Adventure of Bigfoot
216465,Clover
190505,Over the Limit
58084,Street Thief
198207,Shackled
277758,Stowaway
250802,Love on Harbor Island
259505,6 Weeks to Mother's Day
291395,Trial Period
103066,"Birders: The Central Park Effect (Central Park Effect, The)"
258969,Last of the Wolves
68161,"Lawless Breed, The"
89485,"Maze, The"
3313,Class Reunion
217859,More Beautiful for Having Been Broken
129841,Floating Skyscrapers
290049,Achoura
256747,A Merry Christmas Match
297043,Ammar: Cin Tarikatı
211590,A Punch to Revenge
8369,Mindhunters
4885,Domestic Disturbance
197457,The Wind in the Willows
87954,In Old Arizona
167406,Blood and Ties
191379,Teefa In Trouble
261987,Play
213219,Lethal Kittens or how we came to Love our Shovels during a Limited Anti-Terrorist Operation with Temporary Elements of a State of War
287451,Back to the Wharf
225517,Washing Day in Switzerland
294567,Sleep
115238,"Jungo Goes Bananas: Jungo III (Jungledyret Hugo: Fræk, flabet og fri)"
201378,Soundless Wind Chime
26465,D.C. Cab
194907,Mouth to Mouth
94144,"Chance of a Lifetime, The"
58293,"10,000 BC"
8908,Ladder 49
53140,"Librarian: Quest for the Spear, The"
268170,Tuset Street
142941,Robo Warriors
126092,The Cat's Out
170125,Little Witch Academia: The Enchanted Parade
98475,Let's Not Get Angry (Ne nous fâchons pas)
137763,The Immortalists
229965,Teaching Sucks
155164,Dream of a Rarebit Fiend
164373,Abattoir
160714,Halloween Night
231679,Christmas at Graceland: Home for the Holidays
280452,Good Night Oppy
981,Dangerous Ground
259027,La vida en un bloc
69269,Salaam Namaste
210629,The Driver
2439,Affliction
144148,TimeScapes
129964,The Pirate of the Black Hawk
2543,Six Ways to Sunday
1250,"Bridge on the River Kwai, The"
107840,B.T.K.
80560,Blue Gold: World Water Wars
147946,The Crooked Circle
298227,Manjummel Boys
73870,"Thaw, The"
225035,Cupid's Proxy
150134,Sous le signe de Monte Cristo
290349,A Girl Who Loves a Girl
118195,Tenchi: The Samurai Astronomer
169022,Classmates
157116,"Ich Chef, Du Turnschuh"
188445,My Little Sweet Pea
121561,Cry of Death
123401,Man-Proof
247144,Namo OK
211361,Virgin Hunters
116525,Circus
283549,Johan Falk: Blodsdiamanter
79473,"Olivier, Olivier"
54190,Across the Universe
242828,Seeds of the Fall
221296,Last and First Men
195449,The Network of Freedom
174841,Pandora's Box
294337,The Wonderpill
282407,Something You Said Last Night
262381,Love Type D
226004,Jumbo
163502,Just Call Me Nobody
5709,"Amateur, The"
103328,Love Ghost (Shibito no koiwazura)
77776,7 Dollars on the Red (Sette dollari sul rosso)
166607,The Water Margin
144322,Mr. Socrates
244464,General Electric Theater: The Incredible Jewel Robbery
226884,Haré Rama Haré Krishna
986,Fly Away Home
165081,The Hide
219318,48 Hours a Day
1552,Con Air
5223,Pauline & Paulette (Pauline en Paulette)
3013,Bride of Re-Animator
5763,Lola
266140,Beauty Water
1320,Alien³ (a.k.a. Alien 3)
115357,"Chair, The"
281298,Jairo’s Revenge
225463,In the Eye of the Cat
295363,The Christmas Star
32781,Hawaii
143281,Revolution
127011,Under the Flag of the Rising Sun
122801,Sands Of Oblivion
279384,Sissy
163635,Coaching Colburn
186567,The Girl Who Knew Too Much
179545,Der Froschkönig
151032,Faces of November
188311,Ideal Home
250202,Everything She Ever Wanted
97300,Björk: Volumen
2891,"Happy, Texas"
270772,The Exorcism of God
227562,Chasing the Dragon II: Wild Wild Bunch
268352,Sylvia Plath: Inside the Bell Jar
120598,Harvest
266846,9/11: I Was There
289313,Island Escape
6814,City Heat
183323,Small Town Crime
27368,Asterix & Obelix: Mission Cleopatra (Astérix & Obélix: Mission Cléopâtre)
171777,L'année sainte
211542,The Honeymoon Stand-Up Special
137076,The Square Peg
240350,I Am Somebody's Child: The Regina Louise Story
168018,The Salt Prince
208781,Magic Silver
251430,Las colocadas
1009,Escape to Witch Mountain
256813,Serenata española
95583,Savages
157745,The World Was His Jury
177837,The State I Am In
260423,Spoken
214322,Come Next Spring
4514,Howling IV: The Original Nightmare
271381,A Man Au Pair
98160,Nature Calls
191607,El largo invierno
164727,Cloud 9
297781,Pignorant
2394,"Prince of Egypt, The"
283723,East Lynne
234853,From Star Wars to Star Wars: The Story of Industrial Light & Magic
245940,When the Day Breaks
173283,Red Nose Day Actually
118706,Black Sea
187417,I Am a Ghost
204350,Blessings: The Tsoknyi Nangchen Nuns of Tibet
81445,Daughter from Danang
132747,The Vagrant
222139,Carne apaleada
141578,Gang War
162714,Lady Day at Emerson's Bar & Grill
206684,The Science of Doctor Who
222451,"The Tulse Luper Suitcases, Part 2: Vaux to the Sea"
90620,Mulan
93162,Moscow Clad in Snow (Moscou sous la neige)
179521,Free Willy: Escape From Pirate's Cove
27602,"Foreigner, The"
189117,They Remain
151631,Jättiläinen
160521,Arnold's Wrecking Co.
154456,Ma ma
118534,The Noisemaker
234817,Lovers Vanished
26170,"Bride Wore Black, The (La mariée était en noir)"
165101,Inferno
164943,Road to Yesterday
5941,Drumline
99724,K-11
55190,Love and Other Disasters
27093,"Class Trip, The (La classe de neige)"
210983,A Lullaby to the Sorrowful Mystery
181483,Flesh and Blood
122847,"Hi, Nellie!"
181545,Voyeur
280288,In Isolation
124368,Escape Me Never
144672,Lifepod
105659,Weird Woman
5537,Satin Rouge
240616,Toxic
179059,Asmaa
41627,Samurai Rebellion (Jôi-uchi: Hairyô tsuma shimatsu)
244348,Doggie Boogie - Get Your Grrr On!
161022,The Portal
135,Down Periscope
162528,The Big Timer
240746,Night Tales
151143,Tarzan and the She-Devil
266228,Alpha Rift
296415,Shock
187167,Dude
49872,Loose Change: Second Edition
294563,Embryo Larva Butterfly
140125,St. Nick
130996,The Beautiful Story
91671,Alvin and the Chipmunks: Chipwrecked
134156,Road
267518,Junior
170275,Jumping Ship
214844,Девушки бывают разные
221680,Landfall
278528,I Am Burning!
112089,So Undercover
224208,"Quo vadis, Aida?"
173581,The Da Vinci Treasure
8726,"President's Analyst, The"
107302,"Perfect Man, A"
201414,Ode to Billy Joe
4341,What's the Worst That Could Happen?
98239,Red Dawn
193996,Face of Evil
196717,Bernard and the Genie
26240,"Beguiled, The"
174179,The Merry Frolics of Satan
180335,Manithan
6655,"Mysterians, The (Chikyu Boeigun)"
172697,The Dovekeepers
264902,"Daddy You, Daughter Me"
262415,Cat & Mouse
5889,"Cruel Romance, A (Zhestokij Romans)"
5908,Scarlet Diva
107603,Heiter bis wolkig
169202,A Sinner in Mecca
136325,Psychopath
297747,The Good Teacher
100291,Ballplayer: Pelotero
104319,"First Grader, The"
110512,"My Lady Margarine (Die Austernprinzessin) (Oyster Princess, The)"
297157,Rip-Off
1480,Smilla's Sense of Snow
88087,Welcome Farewell-Gutmann (Bienvenido a Farewell-Gutmann)
90746,"Adventures of Tintin, The"
270722,Ted K
291727,F.A.R.T.: The Movie
292947,Ehrengard: The Art of Seduction
129405,Tomie: Unlimited
296523,He Went That Way
197167,Losing Control
193900,22 July
286509,Dislocation
235493,Salvatore: Shoemaker of Dreams
181839,Corn Chips
96225,Identification Marks: None (Rysopis)
279,My Family
253828,True Blood
221238,Restoration
156095,Beat
199660,Anna di Brooklyn
294991,Genie
224529,The Snail and the Whale
122323,Wild Cherry
145919,Camarades
150461,Der Durchdreher
172111,Walking Tall: Lone Justice
214598,Scared Silent
226312,Bonehill Road
1572,"Contempt (Mépris, Le)"
133333,DamNation
183361,Nadja à Paris
205325,Jim Gaffigan: Quality Time
229565,Sibelius
276045,Exhibit
274611,Treaty of Rome
177787,Chappaquiddick
299059,The Kaiser of Atlantis
126241,Screaming Eagles
4028,Songcatcher
194032,Nightclub Secrets
277232,Toxic
281130,Her Majesty
124993,The Window
198727,Blood Honey
173047,The Wild World of Batwoman
178955,Killing Hasselhoff
113033,Rasmus på luffen
193203,Две сказки
174891,Murder with Pictures
141956,Contracted: Phase II
180601,Dum
150647,Birch Interval
271471,Robinson Crusoe
6215,Laurel Canyon
114799,Chandler
272237,The Man Who Saw Frankenstein Cry
271727,Censor of Dreams
6772,To Be and to Have (Être et avoir)
223928,Pets United
299523,The Looters
205154,Snow
290169,Miguel Wants to Fight
272317,Just Another Pandora's Box
113870,Captive Beauty
175379,God of Love
287071,Christmas on Mistletoe Farm
244194,Burnt Out
240776,Landspeed
55419,I'm Reed Fish
150202,Morning Departure
119958,Operation Delta Force
290087,The Hill
179345,Arrhythmia
99169,"Gestapo's Last Orgy, The (L'ultima orgia del III Reich)"
31954,Beautiful City (Shah-re ziba)
240268,Mexico
241072,Jeffie Was Here
209863,Língua - Vidas em Português
132146,The Harvest
168350,100 Streets
8794,"Unfinished Piece for a Player Piano, An (Neokonchennaya pyesa dlya mekhanicheskogo pianino)"
258843,Corsair
244756,The Girl Who Believes in Miracles
170785,Spark: A Space Tail
224306,The Scarlet Letter
144592,Overheard 3
296693,The Mother of All Lies
2445,At First Sight
183905,"Bless You, Prison"
136942,The Art of Love
279326,Nick Kroll: Little Big Boy
222372,Moonlight Sonata: Deafness in Three Movements
3919,Hellraiser III: Hell on Earth
8996,Stateside
6753,Secondhand Lions
148803,100 Ghost Street: The Return of Richard Speck
140062,The Devil's Eight
200934,The General Line
275247,The Buddhist Fist
138010,The Other Me
285193,0s & 1s
262191,Copenhagen
161374,Behind the Mask
286653,The Whispering of the Gods
234229,Till We Meet Again
162128,Street War
165991,Spawn of the North
136794,Eat
137391,Tom and Jerry Meet Sherlock Holmes
235411,Breaking Surface
285221,Though I Am Gone
254306,"Me, Myself & Di"
184163,Second Wind
185403,Ricardo Quevedo: Hay gente así
1432,Metro
134823,Freedom
6840,"Hospital, The"
259559,Boonie Bears: The Wild Life
8809,Danny Deckchair
152165,The Makeover
248950,牛づれ超特急
123771,The Cariboo Trail
269600,Anna & Bella
162438,Shado
268466,Candy Cane Candidate
2745,"Mission, The"
241602,Autograph
201781,Dawning
95967,Marriage Retreat
212859,The Flying Man
171553,"I Lived, But..."
292791,"Sammy, the Way-Out Seal"
275023,G'mor Evian!
211768,The Girl with the Blue Backpack 2
1443,"Tickle in the Heart, A"
136904,The Railrodder
165757,Journey to the West
155900,Melody For Two
262491,Golden Years
167070,Wonder Women
209125,Narcissus and Psyche
237754,The Day of the Living Dead
258023,Server Sundaram
196801,"Ruben Brandt, Collector"
160149,Complete Unknown
135210,Binta and the Great Idea
3690,Porky's Revenge
171025,Sepultura: Under Siege (Live in Barcelona)
171541,Down House
272193,A Christmas Together With You
92726,"Pearl, The (La perla)"
221212,Return to the Wild: The Chris McCandless Story
2894,Romance
215019,Van Goghs
200754,Awful Nice
40015,Aprile
257375,Knifecorp
6142,Time Walker (a.k.a. Being From Another Planet)
135767,Omkara
264664,Father Christmas Is Back
192875,Yardie
5280,Salmonberries
140864,Butterfly
237896,The Barefoot Mailman
128548,Sällskapsresan II - Snowroller
247440,The Tender Age
3000,Princess Mononoke (Mononoke-hime)
181213,Aztec Rex
270752,Make Mine Freedom
173643,Take Care of the Women!
110653,"Signal, The (Señal, La)"
271433,Spider's Web: A Pig's Tale
165271,The Butterfly Ball
146700,The Little Ghost
257767,The Concert for New York City
146457,Call Out the Marines
32625,"Krakatoa, East of Java"
273969,The Rapist
270560,Entropy
103388,My Perestroika
169942,American Bad Boy
197367,State Like Sleep
132492,Sinatra: All or Nothing at All
206771,Long Way Home
241256,Beware of Dog
288041,Pretty Stoned
80917,Monsters
52712,"Invisible, The"
229881,The Adventures of Young Indiana Jones: Winds of Change
234801,The Frenchman's Garden
97849,Victor Sjöström: Ett porträtt
33801,Godzilla: Final Wars (Gojira: Fainaru uôzu)
190363,Dracula: The Dark Prince
279436,Final Cut
122713,S*P*Y*S
243132,105% alibi
293187,Beyond Utopia
165939,First Girl I Loved
5566,Heartbreak Hospital
246386,The Chessplayer
121481,Grave Halloween
133857,The Boxer
378,Speechless
278410,Yo niña
813,Larger Than Life
180101,Benoît Brisefer : Les taxis rouges
204180,Goalie
191983,Kapalak Kızı
221252,Abrakadabra
152161,What Would Jesus Do?
268794,One of Her Own
143916,Innocent
208193,Frenzy
147344,Hallowed Ground
196241,The Adventures of Young Indiana Jones: Adventures in the Secret Service
180581,4 Horror Tales - February 29
270822,Ali Wong: Don Wong
137054,Daniels Daughter
112023,Annabel Takes a Tour (Annabel Takes a Trip)
205561,The Gatling Gun
168842,The Child's Eye
138933,Trapped
128227,Shadow
5226,All the Right Moves
299921,Illicit Behavior
199734,Naruto: The Lost Story: Mission : Protect the Waterfall Village
139425,The Man Who Wasn't There
205425,Dave Chappelle: Sticks & Stones
2397,Mass Appeal
103840,Whisper of Sin (Nuodemes uzkalbejimas)
134613,Summer
1201,"Good, the Bad and the Ugly, The (Buono, il brutto, il cattivo, Il)"
64953,"Dirty Dozen, The: The Fatal Mission"
125411,The Men's Club
166275,Yelling To The Sky
109635,Pandora's Promise
243380,El día que me perdí
173065,The Sinister Urge
236075,Finding Mrs. Claus
121859,The Formula
157454,Last Letters Home
283069,Paris Memories
270006,Garage People
156338,Hell's Kitchen
46855,Army of Shadows (L'armée des ombres)
295849,Someone Is Watching
180929,Sweet Adeline
78247,"Drawn Together Movie: The Movie!, The"
117160,Tip Top
278218,Zoo
151999,Beware of Christians
131956,Longshot
8918,Eulogy
167776,Trailer Park Boys: Say Goodnight to the Bad Guys
99728,Gangster Squad
204816,Digimon Adventure Tri. - Chapter 4: Loss
105101,"Dragonphoenix Chronicles: Indomitable, The"
125882,Red Salute
92660,Silence (Chinmoku)
26628,Jack's Back
262197,Rakkhosh
189315,The Do-Gooders
8709,How I Got Into College
8458,To Each His Own
218915,Murder Manual
291348,Mommy's Little Star
162654,Detective Chinatown
81857,Maytime
97457,"Reluctant Saint, The"
282623,Boss of Rawhide
232889,Spiderhole
214586,Actors
180201,Muay Thai Fighter
3057,Where's Marlowe?
33296,Buying the Cow
187881,Chellamae
232325,A Spanking in Paradise
268066,Sister Swap: A Hometown Holiday
102070,Grabbers
108989,"Streetcar Named Desire, A"
185127,Un día sin sexo
256339,The Wrong Mr. Right
182551,Mr. Roosevelt
143327,Gambling House
272449,Infinite Storm
176321,Legend of the Dragon
62277,KM 31: Kilometro 31
249374,Jane Doe: The Harder They Fall
184365,Lego Scooby-Doo!: Haunted Hollywood
295877,Anyone But You
100496,Knucklehead
163621,Hell's Belles
137519,The Naughty Stewardesses
273255,Origin
180803,Nationale 7
186147,The Dread
185969,Plastic China
237686,Mossad
216935,The Domain
218997,Irresistible
167826,The Unspoken
97870,"Sessions, The (Surrogate, The)"
134789,If You Were Young: Rage
204278,The Cry Baby Killer
85985,Artois the Goat
144005,Sleepaway Camp IV: The Survivor
196353,Crush
288551,Heroes of the Golden Masks
5711,Marianne & Juliane (Die Bleierne Zeit)
260669,Halloween Kills
223504,Enhanced
179529,The Reckoning
196207,Quicksand
285007,Rear Window
222853,Confidential
184385,Relative Happiness
210453,Take a Chance
264488,Στη Μάχη Της Κρήτης
248274,The Big Slice
119434,Poldark
130542,Honky
857,Crows and Sparrows (Wuya yu maque)
257831,Bug Crawls
204746,Hellmaster
208070,Rogue Warfare
243090,Inside Love
282753,Sharper
90524,Abduction
129203,Universal Soldier
134712,Magician: The Astonishing Life and Work of Orson Welles
270098,Glasshouse
96514,Life for Sale (Kotirauha)
194178,Split
291857,The Rat Catcher
76151,Zizek!
34532,"Skeleton Key, The"
168800,Zhongkui: Snow Girl and the Dark Crystal
107968,"Texican, The"
187403,The Ring Virus
266596,Schoolgirl Report Part 12: If Mom Only Knew...
120096,First a Girl
290914,Outlaw Johnny Black
25801,She Done Him Wrong
199450,Champions
125547,Nine Guests for a Crime
145232,Million Dollar Crocodile
62115,Six Shooter
294837,Inheritance
281738,Mickey Saves Christmas
161216,Adam
268820,High Five
8459,"Heiress, The"
248372,Altitude Falling
152407,The Lyons in Paris
264848,Guimoon: The Lightless Door
66801,Crips and Bloods: Made in America
168216,Don't Grow Up
121963,"Live, Love and Learn"
171991,The Dream of a Ridiculous Man
92658,Kino-Eye (Kinoglaz)
201062,The House at the Edge of the Galaxy
233803,The Snow Maiden
273369,Careless Crime
175943,Fry and Laurie Reunited
127881,Addicted to Plastic
186329,The Wizard of Speed and Time
66811,Glenn Killing på Berns
5752,Gregory's Girl
195721,Porcupine Lake
171491,Unlocked
224172,Der Olympia-Mord: München '72 - Die wahre Geschichte
100734,Escape (Flukt)
142861,Cemetery of Splendour
261949,Dynamite Ranch
175049,The Cursed
268944,"Basically, Johnny Moped"
265812,Road to Hell
202,Total Eclipse
114702,Around the Block
7113,Cabeza de Vaca
90537,"Love Affair, or the Case of the Missing Switchboard Operator (Ljubavni slucaj ili tragedija sluzbenice P.T.T.)"
7831,Another Thin Man
26295,Invasion of the Bee Girls
267930,One Too Many
4054,Save the Last Dance
114715,American Promise
248036,The Magician
3399,Sesame Street Presents Follow That Bird
133604,"Pimps Up, Ho's Down"
200500,ReMastered: The Miami Showband Massacre
170713,Bonded by Blood
120574,Gimme Shelter
288965,Камертон
242308,GIMS: On the Record
225575,"New York, Broadway"
240636,Watch It
146022,Once Upon a Time Twenty Years Later
77721,Deathdream (a.k.a. Dead of Night)
194020,Away from All Suns
277830,Argument About Basia
286089,Dear Pyongyang
967,"Outlaw, The"
184493,Entanglement
238790,The Wedding Cake
249160,Undergods
4553,They Live
89145,William Vincent (Shadows and Lies)
149398,On the Twelfth Day of Christmas
215849,Beartrek
281080,The Noel Diary
2786,Haunted Honeymoon
157407,I Am Wrath
280734,Mazzaropi - Tristeza do Jeca
267916,Christmas Beneath the Stars
260411,The Forever Room
272519,The Sandwich
199251,The Goose Steps Out
231667,Angels!
103972,"Last Days, The (Últimos días, Los)"
278518,Last Days in a Lonely Place
181829,You the Human Animal
260985,The Boy Who Killed My Parents
206763,The Tracker
297815,Players
242288,A Warning to the Curious
2342,Hard Core Logo
150995,Retribution
127835,The Midnight Man
161578,Poison Berry in my Brain
225469,Graves End
124511,Rome Adventure
187,Party Girl
259021,Kipchoge: The Last Milestone
117368,The Madagascar Penguins in a Christmas Caper
249900,Finding Happiness
40275,Everything Put Together
167556,Perry Mason: The Case of the Ruthless Reporter
184825,Another Wolfcop
4120,Hunk
149902,Garm Wars: The Last Druid
62553,"Secret Life of Bees, The"
38086,Wishing Stairs (Yeogo goedam 3: Yeowoo gyedan)
297049,The Hammer
119858,Casablanca Express
299131,Sound! Euphonium: Ensemble Contest
261915,Without Honors
107130,"Adventure in Space and Time, An"
47348,George Lucas in Love
105238,New Town Killers
178845,The Lost City of Cecil B. DeMille
107888,"Savage Is Loose, The"
268770,Pharma Bro
161628,Savage Sam
59680,One Hour with You
156559,He Took His Skin Off for Me
167706,Shakespeare Behind Bars
138644,Spectropia
240364,Lonelyheart
200418,Detective Conan: Skyscraper on a Timer
207181,A Girl Named Sooner
211285,Voodoo Academy
216400,Moon Over Broadway
188491,Desolation
150298,Sadece Sen
262033,Eye of the Stalker
162164,Family Lies
282513,Omar & Pete
283979,Gente de mala calidad
270550,The Musicians
158771,Owned & Operated
5182,Hawk the Slayer
188451,Witch-Hunt
259859,The Eyes of Tammy Faye
116293,Crime and Punishment
252660,Office Royale
145580,"The Demonic Womanizer Costante Nicosia, or: Dracula in Brianza"
1139,Everything Relative
297115,Light Light Light
272427,The Wandering Princess
113851,El Niño
136938,Repli-Kate
665,Underground
212150,No Big Deal
92522,Frisco Jenny
36545,G
293061,The Dominican Dream
171983,Patti Cake$
145054,Homeland
152025,SOMM: Into the Bottle
109965,Shrek the Musical
267142,Admissions
3552,Caddyshack
69784,Brüno (Bruno)
138462,La scuola
198637,Shaandaar
137403,Swimming Upstream
5623,Crazy as Hell
293079,"Fire, Ice & Dynamite"
181201,An Ordinary Execution
7448,Envy
106495,"Girl From Nowhere, The"
80124,Sisters (Syostry)
44253,"Dark at the Top of the Stairs, The"
1046,Beautiful Thing
5771,My Bloody Valentine
201014,Τα Δάκρυα του Βουνού
2089,"Rescuers Down Under, The"
165017,Paid in Full
224707,The Collection
158665,80 Minutes
249818,Enfant Terrible
176281,A Short Stay in Switzerland
93136,One of Our Dinosaurs Is Missing
27778,Ginger Snaps Back: The Beginning
139622,Gothic & Lolita Psycho
185989,Truth or Dare
2453,"Boy Who Could Fly, The"
247058,Bikeman 2
53207,88 Minutes
136930,95ers: Time Runners
278036,Playing with Beethoven
140257,L'Art de séduire
161088,Born to Ride
150667,Low & Clear
121847,Pickup Alley
225525,Children Digging for Clams
141725,All the Boys Are Called Patrick (Charlotte et Veronique ou tous les garcons s'appellent Patrick)
135927,Posthumous
206507,Bagboy
167912,Dune Warriors
98695,Space Adventure Cobra
250106,Daddy's War
266026,Shallow Yellow Sky
253328,Precious Images
282963,Muchachas que estudian
153540,Bhoot Unkle
278300,The Imaginary Doctor
107098,"Noose, The (Petla)"
243906,Quiet
268052,Bird Island
252526,Pitch
148288,Who Am I This Time?
233293,A Lonely Cow Weeps at Dawn
249934,Brilliantlove
105217,Adventures in Zambezia
479,Judgment Night
156751,The Pay-Off
297369,Domain
222312,Take Me for a Ride
6733,I'm Going Home (Je rentre à la maison)
98617,Lulu in Berlin
198833,Project Gutenberg
200410,Detective Conan: Crossroad in the Ancient Capital
296819,The Price of Truth
154768,Who Done It?
277716,Office Invasion
87166,Stolen (Stolen Lives)
260489,Anton
27704,Battle Royale 2: Requiem (Batoru rowaiaru II: Chinkonka)
245310,In Spring
579,"Escort, The (Scorta, La)"
115531,Violette (Violette Nozière)
270404,Le garde du corps
165989,Ten Gentlemen From West Point
286489,Alter Ego
186389,Murder on the Home Front
287795,Drive Into Night
87960,Between the Folds
154624,Images of a Relief
240170,No Chance
128377,Five Women for the Killer
229147,Ainu Mosir
139293,Off the Ledge
294915,It’s Quieter in the Twilight
259605,One in a Thousand
87562,"Prizefighter and the Lady, The"
278226,Double Trouble
141139,The Terror Live
251834,A Case For P.C. 49
53138,"Librarian: Return to King Solomon's Mines, The"
180173,Hating Alison Ashley
236777,Talk to Me
112667,Bullet
276435,Why Am I Doing This? (A Film About Touring)
78642,Magic Man
141836,It Can't Be!
2940,Gilda
227580,Bye Bye Morons
290395,Escalation
89018,Miranda
66551,Red Sands
297615,The Jungle Bunch 2: World Tour
45259,Man Push Cart
225415,Femme
170143,Where Does It Hurt?
2663,It Came from Beneath the Sea
249576,Steelers: The World's First Gay Rugby Club
121027,Stay
162062,The Days That Confused
247318,Halfway
178807,Hellbound
4455,Thrill Ride: The Science of Fun
184211,Shaadi Mein Zaroor Aana
216253,Pegasus: Pony With a Broken Wing
586,Home Alone
237362,The Rookies
57538,Over Her Dead Body
254656,Crazy Lips
180875,A Room and a Half
189453,The Ossuary
202741,Betting On The Bride
7890,The Left Handed Gun
221284,Double Life
191895,Blue Iguana
247892,Eggs
4254,Crocodile Dundee in Los Angeles
1157,"Symphonie pastorale, La"
93921,Housefull 2
267886,Lonely in America
32325,Yanks
105144,Bare Knuckles
49651,Rocky Balboa
215089,Wasp Network
116543,So Long Letty
95567,People Like Us
283585,Another Soul
200158,Lynyrd Skynyrd - Freebird... The Movie
246020,Die Käserei in der Vehfreude
219434,What a Man Wants
222917,52 Sundays
7220,Micki + Maude
155060,Belgica
271397,Deion's Double Play
259841,Prologue
167700,The Snow Queen 3
198049,Hitler in Hollywood
150560,Vampirella
217015,Family Without a Dinner Table
1110,Bird of Prey
181343,Komisarz Blond i Oko sprawiedliwości
179049,Shifting the Blame
118732,The Madame
132924,Emanuelle and the Last Cannibals
7072,Stagecoach
102111,Going to Pieces: The Rise and Fall of the Slasher Film
199862,Misfire
159153,The Land Before Time XIV: Journey of the Brave
164226,Maximum Ride
165779,Hell Bent for Leather
195931,Jim Gaffigan: Noble Ape
105890,"White Dwarf, The (Valkoinen kääpiö)"
159375,The Olsen Gang in Jutland
213716,Sadistic Intentions
162542,Rustom
166291,A Silent Voice
183241,Si 3
256299,Wojnarowicz: F**k You F*ggot F**ker
2999,Man of the Century
5888,Brother (Brat)
191113,Jim Jefferies: This Is Me Now
40597,One-Way Ticket to Mombasa (Menolippu Mombasaan)
165531,"Silent Night, Deadly Night 4: Initiation"
225485,The Boys in the Band
248530,The Locket
4572,Black Rain
243664,The Cat
204880,Go Orgonauts!
295221,Maxine's Baby: The Tyler Perry Story
133191,Nothing Personal
177289,Vixen: The Movie
90939,11-11-11 (11-11-11: The Prophecy)
58494,Married Life
246554,The Search for Simon
169410,Game Over
279860,Vinski ja Vinsentti
3019,Drugstore Cowboy
182945,Mission Pays Basque
62644,"Wave, The (Welle, Die)"
144574,Gallants
103221,Not Suitable for Children
135338,Letto a Tre Piazze
188745,The Locket
51082,Tyler Perry's Daddy's Little Girls
8787,Thunderbirds Are GO
283097,Teen Wolf: The Movie
204570,Early One Morning
79038,"Gazebo, The"
213403,Maniac Nurses
191563,Lovely Swine
264067,Fellini racconta: Passeggiate nella memoria
297303,The Missing Gun
92130,Red Psalm (Még kér a nép)
7133,Metalstorm: The Destruction of Jared-Syn
227963,Sherdil
83411,Cops
279652,A Perfect Host
179877,Shortwave
180655,Evil Bong 420
128556,Jönssonligan får guldfeber
163256,The Falcon and the Co-Eds
144988,Imagination
26723,Delusion
91666,Last Holiday
205022,With Left Hand Only
290025,Over the Rainbow
207175,Full Disclosure
98402,Nokas
173575,Interceptor Force 2
145672,Terror-Creatures from the Grave
170949,My Cousin Rachel
245018,The Warrior and the Wolf
48059,"Boy Named Charlie Brown, A"
2314,Beloved
1324,Amityville: Dollhouse
282969,How Is Katia?
5675,Swept Away
210083,Loon Lake
150050,Kid
220996,El Revenge
296887,Bad Lands
267650,Random Acts of Christmas
90683,Black Cadillac
120871,A Night at the Movies: The Horrors of Stephen King
273431,The Taming of the Shrewd
180063,Wasteland No. 1: Ardent Verdant
31894,"ChubbChubbs!, The"
218733,Feel the Beat
140104,"If You Don't, I Will"
111527,A Xiu Luo (Saga of the Phoenix)
2941,South Pacific
286629,Scream: The True Story
284641,Tales of Franz
127319,The Loft
223023,The Wall of Mexico
232201,The Fish That Saved Pittsburgh
166908,Mercenary
263045,The King of Laughter
272899,Pretty Maid Café
145034,Journey to the Shore
37967,American Yakuza
8788,Thunderbird Six
1749,The Leading Man
267654,Harry Potter 20th Anniversary: Return to Hogwarts
273063,"My Words, My Lies - My Love"
104309,Moving the Mountain
158117,The Last Bullet
287421,Death Count
150,Apollo 13
37380,Doom
180979,Long Time Running
173107,Werewolf
230891,The Son of Captain Blood
112751,Ju-on: The Beginning of the End (Ju-on: Owari no hajimari)
135755,Shaolin Intruders
164340,Paranoia
93785,"Horrible Dr. Hichcock, The"
219294,Geometria
33998,Deceived
424,Blue Chips
127865,Gargoyle
53187,Beauty in Trouble (Kráska v nesnázích)
58029,It's a Free World...
88301,Beverly Hills Chihuahua 2
286341,EMPz 4 Life
157212,Slugs
286961,"Beirut, Oh Beirut"
105755,"Counselor, The"
130944,Der Porno-Graf von Schweden
202131,The Last Showing
136217,Boogeyman 2
206721,Oblivion Verses
63826,Splinter
282881,Nichols and May: Take Two
128592,The Boy Next Door
5452,Look Who's Talking Now
185321,A River Below
8613,"Time of Your Life, The"
168282,George Carlin: Playin' with Your Head
141568,Bogie
167990,The Young Offenders
284215,Wonder
287835,Furies
133879,Carry On Don't Lose Your Head
262597,First
154126,Culastrisce nobile veneziano
224240,The Last Laugh
102901,In the Park
101761,Welcome to the Punch
139956,Heidi
188059,Kashtanka
250786,Animals in the Great War
59065,Chapter 27
157512,Surftide 77
54995,Planet Terror
94939,Sound of Noise
287377,Fast X
26521,Racing with the Moon
6271,Day for Night (La Nuit Américaine)
70088,Jonathan Livingston Seagull
216320,Dying Beyond Their Means
297979,An American in Austen
5100,"Man Who Loved Women, The"
2545,Relax... It's Just Sex
121316,The Attorney
155713,Boys Will Be Boys
283327,Caterpillarplasty
241408,Ice
48584,Ellie Parker
298927,The Beautiful Game
87210,Wake
165021,Risen
107765,Dream Machine
201713,Finding Oscar
184561,Where Is Kyra?
248642,"Chine-USA, la bataille de l'OMS"
283339,Alles op Tafel
113715,Lights Out
292849,Late Night with the Devil
247390,The Seamstress
164693,Lo Sound Desert
188693,Once Upon a Time
221738,The Runners
189067,A Haunting in Cawdor
299149,Vagrant
241516,Nobody
145927,Bronco Bullfrog
113816,Never Make It Home
121413,Picture This
298123,Seagrass
241904,Bobby Sands: 66 Days
196579,Honor Flight
172077,Officers
209411,Happy Life
147156,Silent Hunter
221248,The Way Home
133933,Deadlier Than the Male
209111,The Magical Portrait
3631,It's in the Water
271765,Jail
228859,My Dads Christmas Date
73194,"Whole Night, A (Toute une nuit)"
262217,Bombay Summer
245042,Conflicted
128235,Stormy Weather
174417,The Law Is the Law
65894,Fear[s] of the Dark (Peur[s] du noir)
103372,"Heat, The"
289593,Too Much Info Clouding Over My Head
277542,Hep Yek 3 Titrettin Beni
90933,"Deep Blue Sea, The"
36,Dead Man Walking
250832,Detective Conan: The Scarlet Bullet
183993,The Salzburg Connection
200726,The Graduates
177997,Invasion Force
167212,Vengeance Is My Forgiveness
104631,Adore
26684,Frankenhooker
6156,Shanghai Knights
133071,"The Cynic, the Rat & the Fist"
156293,The Sultan's Daughter
277668,Lightning Strikes West
240720,Dark Mirror
155509,Mr. Right
233925,Death in Venice
114331,Fall of the Republic: The Presidency of Barack H. Obama
212311,Saria
142150,Vamp U
136070,A Girl in Australia
158894,Love on the Sidelines
199772,Message Man
298435,Marine Life Interviews
2957,Sparrows
111314,Into the Storm
147934,Adieu Philippine
3140,Three Ages
265664,Ritorno al crimine
222057,One Winter Proposal
27765,Trauma
159303,Violent
293291,Shakir the Clumsy
194726,The Happiest Place on Earth
78713,"Trespasser, The"
201272,In Like Flynn
62420,"Pool, The"
253134,Me Sinto Bem com Você
79094,So Proudly We Hail!
175869,The Art of Loving. Story of Michalina Wislocka
169316,Alonzo Bodden: Historically Incorrect
4688,Black Robe
177171,Men in the City 2
144738,The Treasure
296667,The Burden
243234,kid 90
132130,Cub
216641,Addiction
262135,Becoming Cousteau
213752,First Love
60745,Blast of Silence
195939,Alcatraz
279018,Vollmond
266620,Freedom Is Paradise
167710,Hunting Season
27192,"Prophecy 3: The Ascent, The"
274963,The Rose Maker
149406,Kung Fu Panda 3
144134,The Hive
132352,Spiders
276961,No Looking Back
274795,The Making of 'Superman: The Movie'
74480,"Other End of the Line, The"
279278,Fullmetal Alchemist: The Final Alchemy
77944,Art & Copy
148727,Tumbledown
98485,Aftermath
195205,The Light Princess
263587,Lullaby of the Earth
170795,Felicity
81591,Black Swan
226080,Wish Upon a Unicorn
195903,Kitten from Lizyukova Street
229901,Rust
181911,The Greener Yard
222607,Hubble: 15 Years of Discovery
166153,A Fool
91808,Pariah
33188,Mischief
60880,"Family Game, The (Kazoku gêmu)"
3224,Woman in the Dunes (Suna no onna)
221570,Gold Fever in Lapland
237382,The Libertine
198849,After You're Gone
256125,1870
137074,The Guy From Harlem
146532,The Butcher
158226,Paris Frills
78488,Dhoondte Reh Jaoge
169104,A Tale of Sorrow and Sadness
60487,"It's the Great Pumpkin, Charlie Brown"
169920,Triumph’s Election Special 2016
133697,Gulaal
192191,Project Makeover
259981,Turn It Around
124456,Simple Things
103561,Big Star: Nothing Can Hurt Me
127234,Reality
253652,Striker's Mountain
288647,Everybody's Oma
177377,The Clones of Bruce Lee
31374,Hobson's Choice
113068,For a Woman (Pour une femme)
148331,Valley of the Fangs
115939,Joulupukki ja noitarumpu
104604,Something Real and Good
287665,Tin & Tina
251638,"Go Away, Ultramarine"
142160,Carlos Spills the Beans
26315,Conrack
258723,Firefighter
187103,Deep Sleep
225808,DJ Hound Dog
105030,Ice Age Columbus: Who Were the First Americans?
71573,Whiteout
183033,Monsters Club
280658,Wet Sand
180273,Liberation: Direction of the Main Blow
143037,30 Days Until I'm Famous
225019,Preparations to Be Together for an Unknown Period of Time
118999,"Shoot, Gringo... Shoot!"
215527,The Half of It
231265,Mosul
49263,Fuck
147664,One Armed Against Nine Killers
207692,Breakable You
263801,Roadkill
114642,Beyond the Rockies
271174,"Warm Hearts, Cold Feet"
39481,Will Success Spoil Rock Hunter?
185101,Fallguy
230421,Shirley
194594,Solid Geometry
44763,"Brothers Lionheart, The (Bröderna Lejonhjärta)"
277482,Eyyvah Eyvah 2
189883,Nibunan
217320,Kid West
199870,Sock 'Em Dead
148711,Steak (R)évolution
45728,Clerks II
217224,The Harvesters
165477,Trancers V
258857,Old Henry
81512,Hereafter
199950,La monnaie de leur pièce
209449,The Furies
7122,King of Hearts
197947,The Invisible Boy: Second Generation
1319,Kids of Survival
53600,In Your Hands (Forbrydelser)
6686,"Medallion, The"
120088,Finders Keepers
112725,Buffalo Bill
158276,Salón México
116429,Alias the Doctor
204614,The Kindly Lion
200466,Smoking Room
222326,Nightbirds
228717,Manmarziyaan
163386,Winnie the Pooh and the Day of Concern
101200,"Hello, Friend"
272833,A Single Spark
117488,A Promise
201642,On the Balcony
218219,Blood and Money
141757,Stag Night of the Dead
3014,Bustin' Loose
218575,Fortune Feimster: Sweet & Salty
233681,Heroes and Demons
195815,The Storyteller
274245,The Getaway King
186685,Aaram Thamburan
123633,A Green Journey
58432,What Just Happened
278660,Verliebt auf Island
213688,The Square Ring
217955,She Walks the Woods
803,Walking and Talking
282649,Knock at the Cabin
122517,Air Buddies
5350,"Mystic Masseur, The"
269976,My Father Is Coming
86298,Rio
120428,Gambling Lady
296747,66 Seasons
8828,Dead Ringer
126152,Lahore
5836,Houseboat
274205,Hotel Poseidon
186505,Angst
277520,Crimean
79395,"Silver Chalice, The"
171985,Ed Gein
266982,The Shuroo Process
1392,Citizen Ruth
97115,El tren de la memoria
177379,Gogol. The Beginning
197689,Polar
164853,An American Girl: Chrissa Stands Strong
121790,Seventh Moon
239668,A Summer to Remember
143829,Il Successo
99695,Pusher
247412,Penn & Teller's Invisible Thread
8543,"Flying Leathernecks, The"
183541,Five Superfighters
181897,Lucky Number
3316,Reindeer Games
135234,Pocket Ninjas
201893,MDMA
138146,Wicked Ways
184779,Simran
117302,Denver and Rio Grande
255231,The Lucky Man
225675,Clinger
213515,Elsewhere
272581,Arctic Predator
155292,Toboggan
273697,Mr. Handy
178875,Rough Stuff
145458,I carabbimatti
193821,Nappily Ever After
26834,Philadelphia Experiment II
208769,Pressure Point
180939,That Certain Age
252010,Fatal Exam
119145,Kingsman: The Secret Service
120602,Happiness Ahead
102862,"Human Scale, The"
209189,The Answer
108848,Behind Enemy Lines
125990,Apple Jack
205801,The Sisterhood
101947,From the Sky Down
250974,Apocalypse '45
135939,Firestarter 2: Rekindled
254566,Sister Mary Explains It All
298251,This Is Not a Test
180793,Evil Bong: High 5
123447,The Patron Saint of Liars
81357,"Pear Tree, The (Derakhte Golabi)"
163561,Amityville Terror
222501,Never Too Late
158489,Six-Gun Gold
189383,La barra de la esquina
175057,Deadrise
154372,The Little Blonde Dead
193940,The Burnt House
7406,"Flying Deuces, The"
190413,Rare Exports Inc.
4910,Katie Tippel (Keetje Tippel)
300355,Something in the Water
169290,The Cradle
179751,Sexy Durga
84796,"8 Diagram Pole Fighter, The (a.k.a. Invincible Pole Fighter) (Wu Lang ba gua gun)"
278266,A Champion Heart
265274,Как стать счастливым
263703,The Claire Wizard Thesis
192217,We Make Antiques!
179543,The Art of Us
64280,Hospital
7282,"Hip Hop Witch, Da"
5986,Fat City
282459,Metamorphosis
224591,Last Shot
101487,Storage
271329,Miss Nelson is Back
298215,Sixty Minutes
101360,"Call, The"
192695,In the Gloaming
267210,The Brutalization of Franz Blum
157432,Precious Cargo
118095,Levitated Mass
4817,Born Romantic
143061,Don't Look Down
240080,Every Mother's Worst Fear
213581,I Live in Grosvenor Square
162296,The Seamstress
157506,House on Bare Mountain
281282,Tori and Lokita
135286,The Curse of Inferno
273583,Room 203
244720,Is It Wrong to Try to Pick Up Girls in a Dungeon?: Arrow of the Orion
1334,"Blob, The"
112882,Butcher Boys (Bone Boys)
135069,Questa volta parliamo di uomini
93479,"Round Up, The (La Rafle)"
71575,Rudo y Cursi (Rough and Vulgar)
137311,Love and the City
208777,A Real Friend
187037,Ana by Day
214802,Peace to Us in Our Dreams
161530,The Mysterious Mr. Wong
141874,The Adventures of Buratino
298117,Heart of Spain
53996,Transformers
239352,Bhoomi
217029,Single Lady
206079,Children Hand in Hand
213187,Superdad
289973,Granit
183197,Dave Chappelle: Equanimity
147182,Metamorphosis: The Alien Factor
164021,Nightlife
267908,Christmas in the Wilds
38656,Sweet Movie
248694,Magik
146472,Duffy of San Quentin
239476,The Case of Dr. Laurent
280984,The Madmen of Mandoras
296361,New Normal
90068,Zaat
203847,Kumbalangi Nights
2530,Beneath the Planet of the Apes
169238,Peluca
5552,"Revenge of Frankenstein, The"
272167,The Penalty
266944,Highway to Heaven
198825,Deadly Switch
171839,Breakfast on the Grass
175921,Ostatni dzwonek
90568,Unholy
251202,Bruno
263321,Christmas Collision
173025,Star Force: Fugitive Alien II
177847,Seven Steps of Kung Fu
224212,Rent-A-Pal
251186,Threshold
96146,Logan's War: Bound by Honor
218043,Go Down Death
146738,Miracle of Marcellino
1386,Terror in a Texas Town
128478,A Christmas Kiss
175519,Icebreaker
270834,A Family Affair
78903,State of Siege (État de siège)
221172,Booky & the Secret Santa
192415,Last Hours in Suburbia
266650,Ace & the Christmas Miracle
144942,Forest of the Damned
163432,Open Doors
229033,All My Life
239488,Burning Ghost
244652,Safer at Home
174545,Pokémon: Destiny Deoxys
135208,Drool
220360,I Miss You
205611,Into the White Night
80831,Let Me In
154122,Le braghe del padrone
168942,Tykho Moon
258973,Savage Messiah
121015,Pasha
131618,London Suite
164037,The Candy Tangerine Man
233733,The Ode to Joy
171391,En Büyük Şaban
270718,The Girl Who Knew Too Much
189773,Bunks
284091,Atomic Cover-Up
276611,The Battle of the Monkey and the Crab
277458,Kirpi
273185,Streetlife
279490,Don't Let the Riverbeast Get You!
283671,Terror in the Streets
187527,All the President's Men Revisited
235675,Grain
277310,Für Miriam
193671,The Picture of Dorian Gray
174669,Very Russian Detective
202619,Lucky Loser
215151,My Tehran for Sale
27345,Speaking of Sex
8976,San Antonio
231313,Monarch
3950,Tigerland
193743,Sunshine Girl and The Hunt For Black Eyed Kids
240892,Pasaje a Venezuela
204270,Romeo and Juliet: Shakespeare's Globe Theatre
247114,Sertânia
232711,Ice Bar
87591,"Lamp in the Dark; The Untold History of the Bible, A"
202805,Audre Lorde - The Berlin Years 1984 to 1992
133305,Breeders
140056,Four Lovers
80463,"Social Network, The"
269250,Descarrilados
93819,Absentia
202862,Among the Cinders
228079,Les Kidnappeurs
121209,Unearthed
295231,Save State
1059,William Shakespeare's Romeo + Juliet
61108,Bathory
223061,Safrom
50183,Loving Annabelle
84894,Run of the Arrow
288677,Snow Angel
287229,The Starling Girl
76137,Lumiere and Company (Lumière et compagnie)
177177,Behind 'The Cove'
283487,Wallander 06 - Den Svaga Punkten
63788,"Dirty Dozen: Next Mission, The"
285129,Wash My Soul in the River's Flow
189635,Le talent de mes amis
145406,The Road to Fort Alamo
8127,"First $20 Million Is Always the Hardest, The"
286663,Jisoe
131926,A Matter of Degrees
61123,High School Musical 2
230057,Cats: The Movie!
202872,"Monsters, Madmen & Machines: 25 Years of Science Fiction"
187733,The Betsy
185839,Black Level
202107,Shadow Builder
4107,Family Viewing
295065,Sea Monkey
128600,John Doe: Vigilante
239960,Paris Calling
196567,Wild Rose
220350,"Clément, Alex, and Everyone Else"
123814,The Unknown Man
104764,"Leafie, a Hen Into the Wild"
171949,Monster High: Freaky Fusion
139429,Ominous
89343,Red State
189777,The Prayer
228935,The Fall of Rock and Roll
265398,A Murder Is a Murder
89375,Sympathy for Delicious
223882,The Wrong Millionaire
121423,That's Right - You're Wrong
220530,The Secret: Dare to Dream
3115,Flawless
929,Foreign Correspondent
122145,Little Fridolf Becomes a Grandfather
281182,Touch: Miss Lonely Yesterday
71823,"New York, I Love You"
237892,The Return of October
144386,The Underdog Knight
128019,Lady in a Jam
119194,Cathy Come Home
195367,Cursed Seat
231187,The Custodian
129425,"Throw Away Your Books, Rally in the Streets"
2330,Hands on a Hard Body
126283,Maid of Salem
7360,Dawn of the Dead
147394,Ninjas vs. Monsters
160289,O.J.: Made in America
65293,Satan Met a Lady
184557,Brigade Miscellaneous in the Mountains and at the Sea
200424,Libero
280220,In from the Side
237316,Stuck!
138436,The Human Factor
158310,Chris Rock: Kill the Messenger
139153,Eli
280836,Uunchai
5410,Silent Running
293747,Sirocco and the Kingdom of the Winds
214,Before the Rain (Pred dozhdot)
182055,Cured Duck
163452,A Man for Burning
201350,Happy Face Killer
280112,Detective Knight: Rogue
149028,Sinatra
290161,Canceled
185373,Muppet Guys Talking: Secrets Behind the Show the Whole World Watched
243110,Zindagi 50 50
234295,Non smettere di sognare
248490,Mother Teresa of Calcutta
289091,Princes of the Desert
180247,Where's Willie?
213888,The Sting of Death
84730,Army of Crime (L'armée du crime)
124213,Whistling in the Dark
170535,Tell No One
270976,Belinsky
139201,The Bodyguard
157464,The Shiralee
251004,100m Criminal Conviction
292507,She Came to Me
209603,Masquerade
298349,Asphalt City
93448,Landscape with a Woman (Zena s krajolikom)
229583,Dead Swallows
183073,Mountain
44397,"Hills Have Eyes, The"
140878,4 Moons
55253,"Lust, Caution (Se, jie)"
182707,Losing In Love
116885,The Man Who Played God
277058,"Aliens, Clowns & Geeks"
237946,American Bullet
80584,"Patrik Age 1.5 (Patrik 1,5)"
134873,Ginger
113238,And While We Were Here
196279,Armpits
173117,Quest of the Delta Knights
25960,"Terrible Kids (Enfants terribles, Les) (Strange Ones, The)"
196051,Sugar Sweet
181025,The Hard Stop
171209,Punching Henry
228063,Aznavour by Charles
179077,Prison Heat
258045,Haunting Me
153108,Twilight Zone
272155,Eddie Izzard: Wunderbar
1178,Paths of Glory
239504,The Long Arm
210395,A Hearty Response
143693,The Student Body
81225,Jerry Springer: The Opera
213221,Grounding: The Last Days of Swissair
283291,The Beatles Explosion
283309,Naadi Dosh
167522,The Sick Kitten
126426,Solyaris
158852,Louis Theroux: The Ultra Zionists
156356,That Gang of Mine
299001,Spilling the Beans
181909,Pluto's Party
168370,Take the L
164606,Operation Avalanche
152569,The Boxcar Children
168742,Dishonored Lady
281614,Gold Run
174111,Bairavaa
283603,Consecration
258663,Well Groomed
266652,Christmas on Ice
168000,Summer Love
162986,Agathe Cléry
65193,Wild Child
108879,Teen Beach Movie
263503,Going to Bed Under Difficulties
184495,The Constant Factor
5783,Derrida
291385,The List
652,"301, 302 (301/302)"
88194,Forget Me Not
227717,In Absentia
168894,The Tip of the Iceberg
233137,Dulha Mil Gaya
165391,Trading Christmas
240768,Alien Agent
180013,Wee Sing in Sillyville
70656,Harvard Beats Yale 29-29
47455,Executioners (Xian dai hao xia zhuan)
221640,Chennai 600028
281418,The Master Blackmailer
163801,Lovely Man
182081,Modern Inventions
171783,100 Days Before the Command
1827,"Big One, The"
94494,96 Minutes
197395,Grandpa Walrus
294381,Deltopia
1797,Everest
79842,For Neda
98520,Brooklyn Bridge
277068,Bhale Bhale Magadivoy
179217,Occupants
216979,Crash of Flight 447
217501,Undercover vs. Undercover
5378,Star Wars: Episode II - Attack of the Clones
293917,The Last Good Time
7345,Agent Cody Banks 2: Destination London
119305,The Nutcracker Prince
205577,The Night My Number Came Up
191051,Koto
140745,10 Attitudes
176979,King Arthur and the Knights of the Round Table
691,Mrs. Winterbourne
204030,Share
145315,False Witness
113659,Assassination
292593,Fool's Fire
284129,Park Lanes
220660,My Daughter is Innocent
291491,The Plains
96737,Dredd
275319,The Lady from Constantinople
228179,Winter Song
6274,Physical Evidence
114805,Charles Bradley: Soul of America
108857,Manhunt
206571,L'homme qui n'était pas là
183539,Rock 'n' Roll High School Forever
785,Kingpin
154562,Father of Four - Never Gives Up!
250932,Audrey's Rain
219133,Shooting Elizabeth
224228,Love Come Down
281824,The Silent Command
160934,El Extra
164240,Poongsan
116742,Secret
140842,Modern Life
129183,The Song
246548,The Stay
90704,Hamlet
213247,Mardaani 2
148388,Some Kind Of Hate
224851,Practical Joke
286367,Imperfect
265714,France
171963,Bleeding Hearts
306,Three Colors: Red (Trois couleurs: Rouge)
26802,And Life Goes On (a.k.a. Life and Nothing More) (Zendegi va digar hich)
229521,Saving Star Wars
92354,"Man Called Sledge, A"
5468,20 Million Miles to Earth
259355,"Storm Children, Book One"
128061,Pirates of Tortuga
171987,A Letter for Evie
89014,Passing Fancy (Dekigokoro)
236899,The Young Observant
1815,Eden
131090,Jonas
243974,The Outdoorsman
145442,In the West There Was a Man Named Invincible
240968,The Race to Alaska
205423,Out of Time
293843,The (Ex)perience of Love
263977,The Colour Room
249524,"Oh, What a Lovely Tea Party"
212485,Grand Theft Auto Girls
142756,The Love Light
137869,Flight of the Doves
7296,Face
186383,The Kovak Box
219715,In the Arms of an Assassin
245658,The Junior Olsen Gang and the Master Thief
169242,"Ana, mon amour"
115600,"Breaktime, The (Zang-e Tafrih) (Recess)"
235397,Paintball Massacre
99085,Our Little Girl
218843,My First Wedding
191761,The Extreme Sukiyaki
265928,Love Matters
66785,"Good, the Bad, the Weird, The (Joheunnom nabbeunnom isanghannom)"
248474,Minutes
5149,Cattle Queen of Montana
268430,Tales from Hollywood
71619,Coco Before Chanel (Coco avant Chanel)
6333,X2: X-Men United
210009,The Reluctant Nanny
198509,Sergio Leone - Une Amérique de légende
1345,Carrie
191559,The Inheritor
297985,Twenty Something
148695,Under the Rainbow
224793,A feltaláló
131098,Saving Santa
270748,Carry On Nurse
230909,The Water Is Wide
189277,The Chart of Love
82209,Chatroom
206973,The Pillar of Fire
89778,Littlerock
260141,Kill Shot
6334,Blue Car
149618,The Colossus of Rhodes
295507,Merry Little Batman
256459,Bond of Silence
7120,DarkWolf
121261,Leprechaun: Back 2 Tha Hood
205941,Back to School
116943,Thesis on a Homicide
273205,Beast
7438,Kill Bill: Vol. 2
218883,Nobody Knows I'm Here
165319,Gourmet Detective: A Healthy Place to Die
230537,Turkey Town
98441,Rebecca of Sunnybrook Farm
3033,Spaceballs
143470,6 Ways to Die
275,Mixed Nuts
248496,Searching for Sheela
224685,A Year in My Life
175307,The Perfect Killer
100188,Palme
76772,Carne
269426,Emily the Criminal
1148,Wallace & Gromit: The Wrong Trousers
248984,My Killer
120466,Chappie
2547,Harvest
166397,Nice Girl?
206823,Wake the Witch
123083,Heidi
154755,Treasure Hunters
286807,El calzonazos
171105,Tiger Claws
163663,Other People
197697,Once Upon a Deadpool
220018,Varg Veum - Yours 'till Death
111509,24 Exposures
240948,Golden Salamander
84485,Riot in Cell Block 11
254430,The Life of the Dead
177133,Beyond Glory
138960,Punk Vacation
290489,Sentinelle
284101,Kooman
51911,"Fugitive Kind, The"
236157,Son of Monarchs
179323,Don't Bother To Knock
202589,Sofia
155395,God is on air
273029,China's Megatomb Revealed
99444,Blonde Ice
147248,The Isle of Lost Ships
289133,BRO
227396,Brave New Girl
152465,Vipers
126753,The Girls
174813,Gor
251880,Blood and Oil
293781,Ghost Town
200640,Vaya
146664,Innocent Steps
254380,Black Sky
210689,The Reliant
4792,13 Ghosts
149713,Comforting Skin
273939,Pyaar Ishq Aur Mohabbat
211896,El rey del barrio
185919,Tales of the Stinking Military Service
200916,Délits flagrants
116827,Dark Places
280074,The Domestic
177219,Dino King
197249,Barça Dreams
208745,Hell House LLC III: Lake of Fire
152103,Home Invasion
281506,Transit Prisoner
467,Live Nude Girls
231973,Unstoppable
94101,Crime After Crime
215237,Mynaa
79191,Roadracers
101218,Leviathan
167034,I Am Bolt
248610,Everyone Must Die!
4084,Beverly Hills Cop II
127206,"People, Places, Things"
166472,"Feyzo, the Polite One"
110288,Slacker 2011
2132,Who's Afraid of Virginia Woolf?
3285,"Beach, The"
116911,"Yobi, The Five-Tailed Fox"
114571,"Girl in Every Port, A"
95898,The Craigslist Killer
274357,In Love with Alma Cogan
154552,Het zwijgen
145763,"Il ricco, il povero e il maggiordomo"
237304,Asteroid
155549,Borderline
108052,Close to Leo (Tout contre Léo)
115909,"Hit List, The"
182091,Private Pluto
72714,Earthlings
250170,Out-Foxed
163192,Code of the Secret Service
210457,Max 2: White House Hero
296923,Dear Kurt
91755,Reagan
234675,Son of Hercules in the Land of Darkness
184719,Achoo
162344,Tom Segura: Mostly Stories
123947,Cake
113661,Avalon
296451,Girl King
191707,The Truth Beneath
192009,Silencing Mary
143914,Kiss
53584,"Mistress of Spices, The"
219448,Model Hunger
235073,The Princess Stallion
200242,Gunter Babysits
220606,We Believe in Dinosaurs
201478,Dirty God
201304,Stockholm
200352,Zion
277952,Gill
8771,Sherlock Holmes: Terror by Night
26998,"Sick: The Life & Death of Bob Flanagan, Supermasochist"
232859,Here's the Deal
283369,Talking Cinema
7367,"Ladykillers, The"
217085,Little Miss Sumo
97328,Liberal Arts
148892,Johan Falk: Operaatio Satakieli
107274,"Deep, The (Djúpið)"
118480,Death Hunt
146612,Robbery Roman Style
206633,Strange But True
285651,I Am What I Am
102263,Ju-on: White Ghost
2040,"Computer Wore Tennis Shoes, The"
133755,Nightmare Honeymoon
215385,That's Life
262061,Night Teeth
268204,Long Distance Wireless Photography
268746,Taming the Garden
296783,The Absent
3244,"Goodbye Girl, The"
235131,The Drunkard
213996,Plaga zombie: Zona mutante
179691,Ley Lines
122914,Avengers: Infinity War - Part II
89535,"Havre, Le"
211684,Spider-Ham: Caught in a Ham
211608,I Want to Deliver Your Voice
4979,"Royal Tenenbaums, The"
294659,Hannah Waddingham: Home for Christmas
42015,Casanova
116676,Game of Swords
102192,"Successful Calamity, A"
293309,What Goes Up....
224176,Cherkasy
233865,Where There's a Will
166603,Frankenstein's Castle of Freaks
191223,The Tomorrow Man
166506,Intimate Grammar
136644,Awakened
269708,Washington Merry-Go-Round
4895,"Wash, The"
1449,Waiting for Guffman
6583,"Blood of Heroes, The (Salute of the Jugger, The)"
254684,"Woodstock 99: Peace, Love, and Rage"
128721,Vesna va veloce
79318,Winnebago Man
96532,Do We Really Need the Moon?
86418,City Streets
27528,"Warrior, The"
131417,The Kid from Texas
2177,Family Plot
176141,Daddy
89945,BlinkyTM
3397,"Great Muppet Caper, The"
230011,Jaeger
225105,Churchill's Secret
252280,Behind the Mask
281038,Three Wise Men and a Baby
143065,Orson Welles: The One-Man Band
162920,Il Ras del Quartiere
142318,Code Name : Wild Geese
229027,Ekkadiki Pothavu Chinnavada
189191,Edie
296221,The Man Who Walked Between the Towers
163438,Il caso Moro
271551,Oniroku Dan: Best of SM
185935,The Seven Days
145192,Alpine Climbers
148544,Giggi il Bullo
149990,Unspoken
240958,Gumshoe Magoo
163669,Out of My Hand
221614,Laundry Day
96082,"Thrushes Are Still Singing, The (Ta kourelia tragoudane akoma...)"
133812,Malarek
282915,Elvis Gratton 3: Le retour d'Elvis Wong
209751,The Shed
97139,Blood of Dracula
276329,Clara Sola
233207,Blue Vengeance
179983,Werk ohne Autor
200090,Uriyadi
190649,Wexford Plaza
233301,Tomie: Re-birth
157733,Inside Detroit
193045,French Dressing
4276,Lost in America
153903,Business Man
125009,Underwater!
136788,Any Day
169486,Invasion
129319,Door to Silence
288767,Human Resources
177205,Don't Be a Sucker!
237698,Long Distance
271,Losing Isaiah
295361,Scarygirl
212066,The Heist of the Century
232399,Mark & Russell's Wild Ride
25990,It Should Happen to You
63181,Tokyo Gore Police (Tôkyô zankoku keisatsu)
192883,Beacon Point
128866,Queen of the Mountains
129800,Oh! Qué mambo
200840,The Dude in Me
172537,Boone: The Bounty Hunter
95690,Some Guy Who Kills People
199436,Luka Chuppi
235871,A Texas Funeral
284031,88:88
159992,Dragnet Girl
225810,Armed Hands
98963,Neighbouring Sounds (O som ao redor)
131640,Quarterback Princess
91560,"Funny Man, A (Dirch)"
159851,Troublemakers: The Story of Land Art
160561,Drag Becomes Him
224182,Sukeban Boy
324,"Sum of Us, The"
107328,"Shiver of the Vampires, The (Frisson des vampires, Le)"
53022,Wheels on Meals (Kuai can che)
260833,The Yogis of Tibet
113223,"Fool There Was, A"
218813,The Last Beyond
235345,Pour le plaisir
107943,Bad Karma (Hell's Gate)
26246,Johnny Got His Gun
4904,"Way We Laughed, The (Così Ridevano)"
278006,I Want to See
285027,Cam Closer
223167,The Down-in-the-Hole Gang
6075,"Simple-Minded Murder, The (Enfaldige mördaren, Den)"
217158,The Horde
97039,"Man in Grey, The"
276637,Lapse of Memory
129411,The Confessions of Bernhard Goetz
149102,Fraternity Row
249416,Navidades en junio
64620,Frost/Nixon
236991,CODA
248760,322
4199,Death Warrant
168036,The Good Witch's Gift
65939,Kummeli Goldrush (Kummeli kultakuume)
8892,Basket Case 3: The Progeny
266080,Kakegurui 2: Ultimate Russian Roulette
296919,Nothing Ever Happened
89769,"Romantic Englishwoman, The"
187467,Tremble All You Want
146922,Shelter
127307,All Together
214128,The Sex Monster
146346,Dream Driven
269440,Incoherence
99493,Girl Walk: All Day
265780,"Shake, Rattle and Roll: An American Love Story"
288235,Nanny Seduction
27049,Storm of the Century
275849,"Eccentrics, the Sunny Side of the Street"
130349,The Harry Hill Movie
211728,The SpongeBob Musical: Live on Stage!
118902,Zebra Lounge
226906,The Cold Lands
4269,Rat
115,"Happiness Is in the Field (Bonheur est dans le pré, Le)"
298767,Three of Us
188939,Waru
192201,El club de los buenos infieles
195683,Mom and Other Loonies in the Family
286127,Crowhaven Farm
77184,Hot Millions
209367,Marla Mae
1416,Evita
70751,Little Richard
148719,China Heavyweight
155229,Starke Zeiten
200790,Goldeneye
163877,She's The Best Thing in It
197375,The Penthouse
2183,"Man Who Knew Too Much, The"
25766,"Crowd, The"
5766,Madman
266390,Sukkubus
218351,100% Wolf
2043,Darby O'Gill and the Little People
117638,Dr. Dolittle: Tail to the Chief
276867,Labyrinth
295815,The Bet Collector
203990,Puthiya Niyamam
157002,The Battle
85955,"Swimsuit Issue, The (Allt flyter)"
225327,A Perfect Christmas
222230,Theatre of Mr. and Mrs. Kabal
244520,Night Trip
5042,Forbidden Zone
78965,Puppetry of the Penis: Live at the Forum (Puppetry of the Penis: The Ancient Art of Genital Origami)
235975,"Julia, toda en mí"
179239,Artworks
282869,The Princess and the Bodyguard
44856,"Curse of the Werewolf, The"
191067,Sushi King Goes to New York
137405,The Chaos Factor
204538,Bottom of the 9th
183875,Dead Slow Ahead
245790,The Inheritance
200776,Among the Living
190513,Ju-Rei: The Uncanny
132551,Mea Culpa
72842,Pentathlon
118852,The Zombie Chronicles
122733,Mosquito Squadron
130466,I Hate Christian Laettner
291507,Those Whom Death Refused
176665,Eye Catcher!
128884,Butterfly on the Shoulder
70118,"Run, Simon, Run"
267122,"Haruka, Nostalgia"
32689,"Reuben, Reuben"
62008,Dead Fury
97884,Submarine X-1
121687,Hullabaloo
157148,The Net
159588,Woman's Secret
236259,The Tale of Nishino
212130,Treasure
186189,Grunt! The Wrestling Movie
128239,The Adventures of Hercules
242244,Flowers of the Field
252558,The Screaming Throats
281588,Skies Above
204696,Brahms: The Boy II
1863,Major League: Back to the Minors
291509,Men Have to Go through This
186403,Bangkok Love Story
182129,The Four Musicians of Bremen
199896,L'entourloupe
132770,Sabato domenica e lunedì
286039,The Brothers Warner
213023,Legend of the Witches
79523,"Man from London, The (A Londoni férfi)"
166187,Faro
277406,Maraschino Ruby
221666,Tiger Milk
69674,"Mob, The"
169256,Lovesong
176103,The LEGO Ninjago Movie
298387,Exile
285463,Whispers and Moans
226024,The Forty-Year-Old Version
298771,Arthur's Whisky
223394,Rook
83577,Spy in Black
143743,La vena d'oro
5426,Bad Company
55272,We Own the Night
189441,The Skippers of the Cameleon
287277,The Savage Eye
289071,Curtain Call
285103,Chang Can Dunk
121559,Kill Rommel!
139915,How to Make Love Like an Englishman
149976,Vengeance Is A Golden Blade
4581,Dad
179509,Dance Academy: The Movie
182447,Blackhearts
232475,Herself
195087,Ana e Vitória
148000,The Midnight Story
220090,About Us
6546,Km. 0 - Kilometer Zero (Kilómetro cero)
183815,The Open House
6371,Pokémon Heroes
151900,Arrowhead
146918,Fonzy
195391,Kusama - Infinity
167322,The Trans List
116507,Mission London
197005,Bewitched
208503,Endless Desire
158992,The Captive City
197187,A Christmas for the Books
261323,Three Brothers
277598,The Chosen One
194170,The Return of James Battle
233099,Sweet Thing
193271,American Dharma
206075,Executive Power
116977,Dumb and Dumber To
1056,Jude
116130,Con Express
293013,Emma Zunz
110212,Bloodfist VIII: Trained to Kill (Hard Way Out)
158340,Murder Without Crime
241060,Yesterday's Hero
92104,40 Pounds of Trouble
212070,Nani's Gang Leader
175509,"I, Zombie: The Chronicles of Pain"
180323,The Magnificent Scoundrels
207902,Alien Outlaw
192461,MXP: Most Xtreme Primate
877,Girls Town
93459,In Gold We Trust (600 kilos d'or pur)
198103,Let the Girls Play
73111,There Was a Crooked Man...
148687,Led Zeppelin: Celebration Day
275087,Love Actually... Sucks!
2800,Little Nemo: Adventures in Slumberland
5825,"Life and Death of Colonel Blimp, The"
298547,Anweshippin Kandethum
209179,Say My Name
171489,Le Jaguar
80980,Countdown
135709,Hells Angels Forever
196257,You Might Be the Killer
194720,When the Clouds Roll By
251458,Marea blanca
257149,The Round and Round
52108,It's Impossible to Learn to Plow by Reading Books
108041,"Me, Myself and Mum (Les garçons et Guillaume, à table!)"
234959,Chuck Hank and the San Diego Twins
5869,True Confessions
298049,Jenny Slate: Seasoned Professional
89393,Two Cents Worth of Hope (Due soldi di speranza)
235327,Little Chenier
238212,Twists of Terror
8511,"Immigrant, The"
171183,You Can't Cheat an Honest Man
183165,My Michael
147847,Point Break
255881,Aftermath
79136,Thirst
142562,The Ceremony
285667,Sex Files: Ancient Desires
2550,"Haunting, The"
144370,The White Storm
41736,7 Seconds
834,Phat Beach
108204,"Geography of Fear, The (Pelon maantiede)"
160920,El Portero
176369,The Clouds
249542,Rápteme usted
175945,The Rendez-Vous of Déjà-Vu
86204,I Became a Criminal (They Made Me a Fugitive)
3715,Burglar
135518,Self/less
203681,Racetrack
243152,Her Bridal Night
254736,Stolen Days
162188,Made In U.S.A.
71726,Bye-Bye Bin Laden
87950,"Promise, The"
163368,Just for You
132640,UFO: Target Earth
60566,Just Another Love Story (Kærlighed på film)
199197,The Old Chisholm Trail
237882,Maryland
241620,Posto
2978,Three to Tango
145333,Where the Spies Are
125874,2012: Ice Age
241942,Another Egg and Chicken Movie
241776,The Winter Lake
108239,Fear
7312,"Follow Me, Boys!"
144542,Life Without Principle
39768,Life is a Miracle (Zivot je cudo)
225337,First One In
4297,Pelle the Conqueror (Pelle erobreren)
211832,Three Businessmen
210249,We Are Gathered Here
179997,Myosis
159622,8213: Gacy House
8751,Gun Crazy (a.k.a. Deadly Is the Female)
179167,Land of Smiles
240588,Exit 14
145340,Now Add Honey
202505,Free Ride
115258,Charlie Chan in Honolulu
142681,Consolation Marriage
119672,7th Floor
271323,Dreamland: The Burning of Black Wall Street
130872,The Caller
8737,Crimetime
183229,Nijinsky
164765,Love Finds You In Sugarcreek
233085,Mogul Mowgli
6121,Querelle
257035,Prey
182819,Father Figures
207882,Quanta
273233,Haute Couture
275821,Ante... Sundaraniki!
111451,In a Town This Size
150431,Mark of the Phoenix
146012,Little Tragedies
215721,The Magic Snowflake
134800,Ventoux
57854,The Count of Monte Cristo
162466,Death Drug
198623,For All Time
3407,"Carriers Are Waiting, The (Convoyeurs attendent, Les)"
92176,"Grand Maneuver, The (Les grandes manoeuvres)"
274571,Wedding Anniversary
201288,Life in Overtime
113539,"First Man, The (Le Premier Homme)"
269816,Voskhod
192869,Ma
176589,Illegitimate
109715,Inquire Within
189247,Confessions of a Porn Addict
226968,Wings
115913,30 Nights of Paranormal Activity With the Devil Inside the Girl With the Dragon Tattoo
214556,Balloon
251096,Lost Liners
137527,Dracula vs. Frankenstein
2171,Next Stop Wonderland
159243,Alena
50601,Bridge to Terabithia
163190,Chevolution
131266,Southside 1-1000
295991,Breakwater
117148,Dil Bole Hadippa!
278692,Butcher's Crossing
140405,Scared Stiff
199217,Mother
4209,Rated X
98000,Student of the Year
242114,L'enfer des anges
201630,Me the Terrible
117916,The Ghost and the Whale
2779,Heaven Can Wait
212323,Firebringer
134260,Ten Little Indians
292571,The Ravishing of Frank N. Stein
131696,The Whoopee Boys
269956,...And Your Name Is Jonah
268562,Ring of Fire III: Lion Strike
280654,Ghost Workers
482,Killing Zoe
239464,Oil on Canvas
82154,Get Educated: Paathshaala
154317,Plan 9
112434,In Bloom (Grzeli nateli dgeebi)
116157,Electronic Labyrinth THX 1138 4EB
264241,The Adventures of Young Indiana Jones: Demons of Deception
245902,Those Who Wish Me Dead
192785,Never Be Boring: Billy Wilder
292391,Shark Teeth
115791,Bones
225830,Dad Wanted
235279,Al-Shafaq - When Heaven Divides
129779,Ghost in the Shell Arise - Border 1: Ghost Pain
215055,Lazy Susan
131836,Bill Bailey: Part Troll
277572,Recoding Art
144154,Difret
91927,"End of the Line, The"
158153,Dangerous Liaisons
172037,The Lost World
128973,The Invisible Frame
124251,High Treason
275899,Babysitter
163973,J.C.
72915,Duo (Pas de deux)
121761,Up Goes Maisie
164220,The House of Suh
2626,Edge of Seventeen
73826,Violence at Noon (Hakuchu no torima)
136584,Nos Amis Les Terriens
173853,The Portuguese Nun
8253,Lupin III: The Castle Of Cagliostro (Rupan sansei: Kariosutoro no shiro)
164005,Bad Cat
166641,Unbowed
617,"Flower of My Secret, The (La flor de mi secreto)"
249754,Echoes That Remain
82467,Forever Amber
196647,One in a Billion
210633,The Necromancer
5442,V. I. Warshawski
109991,Spider
3808,"Two Women (Ciociara, La)"
283113,Detectorists Special
103877,Mighty Uke
272001,Angel Guts: Red Vertigo
5715,"Burning, The"
296991,Waiting for the Light to Change
276389,Metal Skin Panic MADOX-01
234685,10 Rules for Falling in Love
249222,The Soul
287341,The Amorous Ones
233821,Duke
175405,The Thirst for Gold
134728,Slightly French
146578,Wrath
162094,Johan Falk: Leo Gaut
159163,The Other Side of the Wind
286923,The Mouse of Tomorrow
98344,Lovely to Look At
293361,Best Laid Plans
187997,When the Trees Were Tall
81639,Jack Goes Boating
161968,Dough
192285,Birds of Passage
217413,Kagbeni
171795,People of the Mountains
73008,"Officer's Ward (chambre des officiers, La)"
292555,Harbour Drift
210693,One Must Fall
91206,"Iron Rose, The (Rose de fer, La)"
214126,Bruce Lee: The Man and the Legend
148709,Mojave
150324,The Cheetah Girls: One World
54176,No Time For Sergeants
90319,At Sea
95650,"Perfect Roommate, The"
273619,Woman in Car
205102,Te Ata
182117,Mother Goose Goes Hollywood
113938,Nixon by Nixon: In His Own Words
4310,Pearl Harbor
187265,The Accountant
287661,El mégano
207419,So You Think You're Not Guilty
61236,Waltz with Bashir (Vals im Bashir)
186195,Amityville: The Evil Escapes
280830,Her Birthday Present
93379,Genius Within: The Inner Life of Glenn Gould
294485,Killer Piñata
130498,La vérité si je mens !
155405,Mellow Mud
139719,Todd Barry: The Crowd Work Tour
176207,The Final Storm
257463,Too Late
243102,No Shame
34769,The Corpse Vanishes
297159,Shuffleton's Barbershop
121911,Mine Own Executioner
247338,Janine
181943,Old Sequoia
72342,Last Stop for Paul
266824,Christmas with the Darlings
206714,Abominable
210583,Magical Christmas Ornaments
164489,The White Trap
122066,Night of the Warrior
166161,No Touching At All
250510,Until Judge Do Us Part
167998,Tulips in Spring
96011,Let's All Go to the Lobby
213435,Fellini: A Director’s Notebook
227274,Wedding in Basarabia
286867,Sugar Kisses
213249,I Only Want You to Love Me
123659,The Mouthpiece
212685,Where's Officer Tuba?
193283,102 Not Out
245278,On the Line: The Race of Champions
281834,Dhamaka
170519,A Esperança é a Última Que Morre
170591,DMB
1574,Fall
223588,Ashes
81172,Spring Subway
274601,Anonymous Club
195765,Clinch
283301,"It's an Adventure, Charlie Brown"
179857,Life with Judy Garland: Me and My Shadows
2352,"Big Chill, The"
258159,1960
198733,Woven
206087,Gorbaciof
186425,Gracie!
239090,Curse of Mesopotamia
126965,Land
164699,Man vs. Snake
172791,Каменная башка
99517,Young People
254478,Kaamelott - The First Chapter
210325,Your Face
280294,Nix
131848,Seven Dwarfs
157395,Anatomy of an Illness
281562,Mindcage
190201,Busjack Returns
104074,Percy Jackson: Sea of Monsters
243290,Brash Boys Club
213163,Ten Who Dared
204722,The Bead Game
34271,Hustle & Flow
164284,Alemão
185319,Prospect
214436,S.P.Q.R. - 2000 e ½ anni fa
52973,Knocked Up
125321,The Lickerish Quartet
74532,Cop Out
195555,Shame
3569,"Idiots, The (Idioterne)"
104097,My Little Pony: Equestria Girls
242584,No Time To Kill
162056,Torpedo Bay
178699,Queen and Country
79081,Hell and High Water
7331,"Serpent's Egg, The (Schlangenei, Das)"
4083,Best Seller
181811,Hooked Bear
203569,Hunting the Phantom
286817,Trap
226248,My Normal
169556,Jay Mohr: Happy. And A Lot.
55116,"Hunting Party, The"
281612,War Sailor
284105,"The Newbridge Tourism Board Presents: ""We're Newbridge, We're Comin' To Get Ya!"""
169656,The Glass Castle
26755,Stone Cold
249556,The Hairdresser and the Millionaire
129522,Letters from a Killer
32493,End of the Century: The Story of the Ramones
211458,Adolescence
195405,On the Seventh Day
111785,Midnight Chronicles
244638,"Emma, Dark Doors"
226850,Four Days
265608,Der weiße Afrikaner
248454,The Intellectual Trio
168382,Schalcken the Painter
245544,Baja
245592,DreadOut
143553,The Hoarder
109533,"Mark, The"
196275,Lisbon Song
223145,Lootcase
211093,Killer Crocodile II
280550,My Father's Dragon
103690,Everything
8972,National Treasure
130628,Boys
142310,Indio 2 - The Revolt
121217,Gun
263335,Take It Out in Trade
6672,War Photographer
285039,The Girl
108866,"Blank Generation, The"
198617,No Resolution
90566,"Cab for Three, A (Taxi para tres)"
108425,Hello Herman
69542,K2
241048,Elephant Kingdom
278232,The Speed Kings
132000,One Night Only
53038,Red Dust
27829,Slasher
245688,Black Holes: The Edge of All We Know
209263,A Summer Dress
180795,Mr. Calzaghe
139885,2 Young
299435,Skin & Bone
72356,Partly Cloudy
234811,Red Pier
198349,Slightly Daffy
190517,Flirting with Disaster
179609,Love on Ice
169594,Jimmy Dore: Sentenced To Live
206479,Dinosaur's Hill
143383,Nanga Parbat
240568,The Immortal Wars
283167,The Outwaters
265696,Sniper
219619,The Young Seducers
121711,Spaceflight IC-1: An Adventure in Space
8733,"Nest, The (Nid de Guêpes)"
26702,"Reflecting Skin, The"
133453,In the shadow of the eagles
229837,The Klatos Paradox
79994,"Wild Grass (Herbes folles, Les)"
175081,Infected
173655,The Bonus
179961,Broken Down Film
298311,Target for Today
185389,Natalia Valdebenito : The Special
221700,The Quiet One
243882,The Invisible Man vs. The Human Fly
200698,The Spy Who Fell to Earth
182743,Wonderland
201729,Ma
163274,The Forest
274291,Snoopy's Reunion
272787,The Centipede Is Tap Dancing
254094,King of the Circus
141652,2033
6941,Just an American Boy
179199,Panteon Woods
266666,The Wimbledon Kidnapping
260295,Earth
178033,Domestic Violence
218403,The White Storm 2: Drug Lords
272271,Chappelle's Home Team - Earthquake: Legendary
157522,Hot Spur
211139,Features of the Russian Bath
96539,"Californie, La"
192185,Place publique
2321,Pleasantville
123147,Sierra
7082,That Touch of Mink
158747,The Gerson Miracle
296937,Familien Jul og nissehotellet
106540,Delivery Man
156933,Dr. Kildare's Crisis
7985,The Wonderful Ice Cream Suit
250780,Best Kids in Texas
282639,Running with Speed
220642,Hackers Wanted
150377,Great Expectations
134845,Foxtrot
82022,"Reef, The"
26760,Wild Hearts Can't Be Broken
270802,Indemnity
214334,Skullz
3615,Dinosaur
62511,"Synecdoche, New York"
278542,Heavenly Appeals
128850,Bride of Boogedy
136720,The Dead Inside
58107,Step Up 2 the Streets
122541,The Duke
123563,48 Weeks Later
92408,Batch '81
212893,The Balloon
247580,La pérgola de las flores
6820,Ginger Snaps
79677,"Two Escobars, The"
210549,De Onde Eu Te Vejo
285273,In the Line of Duty 6: Forbidden Arsenal
192981,Penguin Highway
45521,Wassup Rockers
8648,"Girl of Your Dreams, The (Niña de tus ojos, La)"
291459,One Perfect Match
142523,Carmen
6326,City of Ghosts
271847,Lone
289877,National Geographic: Last Voyage of the Lusitania
172951,Walt Curtis: The Peckerneck Poet
54445,"All the Way Boys (Più forte, ragazzi!)"
276073,Zapomniana melodia
281930,Sparks!
131204,Born to Race
294941,Ostap Bender: The Final Hustle
1913,Picnic at Hanging Rock
2375,"Money Pit, The"
216436,Four Steps in the Clouds
286925,Squatter's Rights
176331,Jab Harry met Sejal
163541,Guernica
192073,Kanthaswamy
285625,Harland Manor
146184,Aankhen
116463,Ice Castles
254280,Torrents of Spring
173463,The Dust Storm
258257,Political Animal
63698,Three Monkeys (Üç maymun)
159147,So Is This
113246,What! No Beer?
159490,The Stranger That Kneels Beside the Shadow of a Corpse
110607,Dinoshark
98499,"Fearless Hyena, The (Xiao quan guai zhao)"
3506,North Dallas Forty
199265,The Fall of the American Empire
363,"Wonderful, Horrible Life of Leni Riefenstahl, The (Macht der Bilder: Leni Riefenstahl, Die)"
282797,Zombiethon
190183,The Darkest Minds
290854,Come What May
126755,Per un dollaro a Tucson si muore
281596,Men of Plastic
195431,This Mountain Life
165617,Diane
269340,Infrared Dreams
109241,On the Other Side of the Tracks (De l'autre côté du périph)
157387,Paradox
282605,Attack of the Robots
99530,Rurouni Kenshin (Rurôni Kenshin: Meiji kenkaku roman tan)
201450,Buñuel in the Labyrinth of the Turtles
273871,Searching for Cannibal Holocaust
106881,Sweetwater
66979,Out at the Wedding
93700,Corman's World: Exploits of a Hollywood Rebel
202189,Chasing Bullitt
81823,Katalin Varga
169422,The Silent Mountain
4731,Innocence
263569,Four Warships in Rough Seas
5813,"God is Great, I'm Not (Dieu est grand, je suis toute petite)"
125479,The Unknown
291763,The Silent Forest
159886,Gun Belt
8197,Hiroshima Mon Amour
253954,An Unknown Compelling Force
5050,"Farewell, The (Abschied - Brechts letzter Sommer)"
235025,Edward Hopper and the Blank Canvas
193007,David Blaine: Beyond Magic
47880,Breaking Out (Vägen ut)
145146,K-9: P.I.
154102,Stasera mi butto
144972,The Sixth Side of the Pentagon
215131,Jurassic Thunder
215009,Becoming
221308,Final Transit
88,Black Sheep
197435,Amateurs
243180,Unfinished Melody
258089,Oopiri
180569,The Star
220884,Prep School
201743,Clemency
224198,Ditte & Louise
212515,Intrigo: Death of an Author
116114,Colorado Serenade
290401,NYC Point Gods
138750,Crawl or Die
27758,"Easy Riders, Raging Bulls: How the Sex, Drugs and Rock 'N' Roll Generation Saved Hollywood"
30994,Little Miss Marker
38849,Dead & Breakfast
122062,The Elephant Man
224969,Little Noises
150925,Address Unknown
249772,The Pizza Joint
254889,The Runner
86844,Same Same But Different
246422,Three Sisters with Maiden Hearts
263373,The Railway Children
251600,Getting It
246346,The Heiress
162762,The 13 Roses
8017,10 Rillington Place
274641,Showing Up
202645,Smart Philip
141010,Broadway Musicals: A Jewish Legacy
6746,Squirm
78101,Life After Tomorrow
2834,"Very Thought of You, The"
87028,"Roommate, The"
291761,The Kill Room
91749,Sophie's Revenge (Fei chang wan mei)
180927,Swanee River
276627,Until the Night
101262,Geek Charming
207083,Comedy of mistakes
127156,Prophet's Prey
87702,Every Night Dreams (Each Night I Dream) (Yogoto no yume)
182089,Pluto Junior
117354,Parasomnia
128977,"She No Longer Talks, She Shoots"
267778,"Of Whales, the Moon, and Men"
184521,Despido procedente
4317,Love Potion #9
138910,The Pirates Of Penzance
26098,"Incredibly Strange Creatures Who Stopped Living and Became Mixed-Up Zombies!!?, The"
574,Spanking the Monkey
261445,Teenage Vampire
139630,Autumn Tale
103335,Despicable Me 2
178337,Sad Movie
262591,Sydney 2000: Stories of Olympic Glory
183887,Improper Channels
176721,Weeds on Fire
187173,Adventure In The Hopfields
93727,Human Lanterns (Ren pi deng long)
260773,Last Man Down
183369,Last Men in Aleppo
173219,Aaaaaaaah!
73270,"Milk of Sorrow, The (Teta asustada, La)"
200020,New Wave: Dare to be Different
156125,I Spit on Your Grave III: Vengeance is Mine
203423,The Light Shines Only There
67356,Insanitarium
199097,Amphetamine
136908,The Last Match
216741,The Murder of Dr. Harrigan
83219,"Pixar Story, The"
284939,Sons of Cuba
214898,Kannum Kannum Kollaiyadithaal
263769,Killer Christmas
197879,Apollo 11
4915,"Beastmaster, The"
217027,Strategic Command
224959,Nobody Sleeps in the Woods Tonight
2135,Doctor Dolittle
123615,Coast To Coast
293015,Styled with Love
264173,A Christmas in New York
112657,Unraveled
231159,The Pleasure of Love in Iran
211634,Two Tails
182851,Sgt Pepper's Musical Revolution with Howard Goodall
295783,The Polio Crusade
290183,Gandeevadhari Arjuna
231365,Hollywood Singing and Dancing: A Musical History
221945,Useless Humans
102606,Drowsiness (Sennosc)
125189,I Died a Thousand Times
283791,Kaguya-sama: Love Is War -The First Kiss That Never Ends-
181935,Canine Casanova
184303,The Sports Bar
112890,Jimmy's Hall
69436,Year One
111316,Atomic Rulers of the World
182325,The Jihadis Next Door
130050,Digging Up the Marrow
247876,Angle Mort
285011,Red Balloon
233897,Los ángeles del volante
159061,The Wailing
276833,Ghosting Gloria
170863,The Sweet Life
282491,Because Men in Silk Shirts on Lagos Nights
229905,Andaaz
207862,Hedi Schneider Is Stuck
5227,Barabbas
5158,Cross Creek
124111,Wish You Were Dead
252304,Crying Wolf
164977,The Gay Desperado
5148,Black Like Me
272575,Monkey Magic
148954,Hitting the Apex
210523,Blackadder Rides Again
183419,Acts of Violence
113236,Abby
185889,ארבינקא
239150,The Snow Flurry
81727,Thieves by Law (Ganavim Ba Hok)
195875,Ex-Shaman
137593,Hooligan
26314,"Cars That Ate Paris, The"
278816,The Story of Yanagawa's Canals
7161,Cheaper by the Dozen
290832,Lifemark
248646,A Slightly Pregnant Man
283903,Streetscapes [Dialogue]
179901,Mark Felt: The Man Who Brought Down the White House
281256,Antakshari
140505,Fatal Bond
118280,Black Samson
149007,Bowery Buckaroos
6066,Murder by Decree
158613,Freelancers
286959,Let the River Flow
120102,Fishtales
279752,Cremaster 4
198597,Six O'Clock News
280510,Duran Duran: A Hollywood High
280560,Phone Bhoot
178083,Walking Out
223041,Gabriel's Inferno Part II
120416,Fuchsia the Mini-Witch
147964,"Tall, Dark and Handsome"
86382,Saint Jack
175311,True
213367,Pokémon: Mewtwo Strikes Back Evolution
254088,Max Comes Across
104307,"Souper, Le (Supper, The)"
264382,Skinned Alive
223644,Boys on Film 15: Time & Tied
188501,The Sinkholes
125005,This Could Be The Night
178791,Afrika aneb Češi mezi lidožravci
242956,Alì Babà
231117,The Borgia
212263,Filmfarsi
189109,Pandas
138390,Tutti contro tutti
165449,Native Land
226308,The Private Life of a Modern Woman
72016,EXPO: Magic of the White City
236893,The Kiss in the Tunnel
188657,Mamma Gógó
188741,The Suspicions of Mr Whicher: The Murder in Angel Lane
211077,Invasion Planet Earth
237231,Tenderness
175229,Tommy and the Wildcat
288897,Warhorse One
142534,Roger Waters the Wall
274699,100 Minutes
71486,Clubbed
128149,Not Safe for Work
167966,Jeff Foxworthy: Totally Committed
161818,VeggieTales: Duke and the Great Pie War
157055,Uncaged
293685,Man's Gentle Love
209297,Shiraz: A Romance of India
192075,Majaa
218993,Do Not Be Deceived
8827,"Bill Cosby, Himself"
275669,What Is a Woman?
5585,Ernest Scared Stupid
200722,Calder's Circus
286153,The Day The Series Stopped
99047,Chained
1969,"Nightmare on Elm Street 2: Freddy's Revenge, A"
867,Carpool
159464,Counting
221388,Mother
182791,Il padre d'Italia
228917,The Basque Ball: Skin Against Stone
132296,The Outsider
184017,Mute
120198,A Yakuza's Daughter Never Cries
268774,Of Dolls and Murder
157797,Special Correspondents
282783,Assassination
8959,Birth
228729,Killer Grandma
113806,Big Hearted Herbert
197563,Los caifanes
212629,Paper Marriage
26432,Quintet
273511,A Tiny Ripple of Hope
176679,Kill and Kill Again
246112,The Confidence Man JP: Princess
3322,3 Strikes
214730,The Ravens
26409,"Clonus Horror, The"
171555,Classmates
292813,The Animal Kingdom
228349,Miss India
257929,Sides
167854,"Dana Carvey: Straight White Male, 60"
236217,Take the X Train
200,"Tie That Binds, The"
79195,Raincoat
176455,Dubravka
86815,Soul Surfer
247060,Saving Mes Aynak
291130,"Love, Bubbles & Crystal Cove"
96066,"Love, Wedding, Marriage"
3169,The Falcon and the Snowman
153004,Confessions of an Economic Hit Man
263391,Gates to Paradise
129707,The Lazarus Effect
135131,Mercenaries
1226,"Quiet Man, The"
221070,Days of the Whale
162368,The Russian Woodpecker
112293,"Trials of Cate McCall, The"
183833,Early Man
286381,Mariana Mariana
83831,"Story of Dr. Wassell, The"
225003,Born Under Crossed Stars
260109,Sirenetta & the Second Star
209501,Vargas Inn
165,Die Hard: With a Vengeance
237884,On the Sunny Side
180187,Rinco's Restaurant
290195,Missing: The Lucie Blackman Case
161444,The Torture Chamber of Dr. Sadism
278768,Bodyguard
294767,Torpédo
86438,Laaga Chunari Mein Daag: Journey of a Woman
185049,Bandera Bandits
289769,The Path of Excellence
210977,The Halt
196915,Thin
261327,Call Me Francis
160141,Girl in Woods
214414,Abuse of Weakness
27095,"Hole, The (Dong)"
217667,The Wrong Daughter
102447,Sweet Home
139271,Ultimate Desires
138562,Bipolar
186357,Cutting It Short
27856,Bummer (Bumer)
186051,Aluku liba
239816,School's Out Forever
5514,Lan Yu
148240,Elf: Buddy's Musical Christmas
234857,Disneyland's 35th Anniversary Special
5858,"Soupe aux Choux, La"
181885,All in a Nutshell
123324,Hitler: The Last Ten Days
167514,Sioux Ghost Dance
6238,Green Card
291899,V.I.P. Cop. New Year's Eve Mayhem 2
258561,Tocando fondo
197869,The Machine Stops
243858,Scooby-Doo! The Sword and the Scoob
269758,The Moment of Truth
199211,Doing Money
70703,Christopher Columbus: The Discovery
297075,"Norman Jewison, Film Maker"
275137,Atomic: Living in Dread and Promise
282241,The Giant of Thunder Mountain
228731,Koko and the Ghosts
245044,Night Into Day
215147,After Truth: Disinformation and the Cost of Fake News
125962,Charlie Brown's Christmas Tales
127853,Beyond and Back
290567,Alien: Covenant - Prologue: Meet Walter
192913,"Tom, Dick and Hairy"
191237,All I Need
235015,"Eine wen iig, dr Dällebach Kari"
210419,Living Space
100275,Return
180109,Człowiek z magicznym pudełkiem
109127,"Beyond the Door (Chi sei?) (Devil Within Her, The)"
124581,Slow Burn
286053,Stomping Ground
168568,The Film Critic
8927,Cannonball
275601,The Adventures of Maid Marian
278060,His First Cigar
229967,Bangistan
101920,Black Rose Ascension (Kurobara shôten)
5363,"New Guy, The"
241188,Dieses Jahr in Czernowitz
230025,Karaoke Crazies
101299,"Finger, The (Dedo, El)"
124811,The Power and the Glory
180659,A Call to Remember
224236,Vampire Virus
258689,Roadrunner: A Film About Anthony Bourdain
26209,"Magic Christian, The"
282231,First Love
173935,Tokyo Ghoul
128385,La Legge Violenta Della Squadra Anticrimine
165139,Wild Oats
209025,Am Anfang war es Sünde
152391,Give Us the Moon
149624,Soap Opera
68033,Vigilante Force
60981,Fist of the North Star
281576,It Dawns the Longest Night
159951,The Girl Said No
163921,Wolf Creek
3420,...And Justice for All
290133,Commitment Phobia
173895,The Dog in the Manger
217425,Spin a Dark Web
7368,Never Die Alone
275157,"Good Luck to You, Leo Grande"
89007,Recollections of the Yellow House (Recordações da Casa Amarela)
247642,Bram Stoker's Van Helsing
213369,Radioactive
281458,Delivery by Christmas
295861,GAGA
211189,Sodom
177769,Euphoria
7214,Kiss Them for Me
267124,Mo Amer: Mohammed in Texas
279338,Hired Wife
232975,Black Friday
161103,I Was a Teenage Frankenstein
34643,"Three Stooges Meet Hercules, The"
207684,Lucero
121399,The Bell Jar
196889,Glass
275053,The Trial Begins
254945,Crimson Force
142130,This Is My Love
72784,Link
267422,One Special Night
90868,Higher Ground
292785,2018
257441,Little Women Big Cars
5405,Dakota
90559,TV Junkie
3292,"Big Combo, The"
258847,Modalità aereo
7206,Mon Oncle (My Uncle)
241358,Run for Your Life: The Fred Lebow Story
98507,We Should Not Exist (On ne devrait pas exister)
270028,America Latina
130644,The Garden of Sinners - Chapter 5: Paradox Paradigm
183213,Durant's Never Closes
177339,Kim Dotcom: Caught in the Web
267956,"The Twentieth Century Tramp; or, Happy Hooligan and His Airship"
205327,Motherless Brooklyn
250176,The Cuckoo Clock
1869,Black Dog
287033,Bed Rest
49615,Triad Election (Election 2) (Hak se wui yi wo wai kwai)
180477,"Everybody He Is Nice, Everybody He Is Beautiful"
240244,President's Day
118508,Off Shotgun
58146,Witless Protection
27781,Svidd Neger
101864,Oblivion
105504,Captain Phillips
149660,Cold Blood
124701,The Girl Who Had Everything
247764,The Advocate's Devil
266724,Double Tap
203330,The Awareness
201813,Cats and Peachtopia
84669,Lloyds of London
97540,"Visiteurs du soir, Les (Devil's Envoys, The)"
135959,Universal Soldier III: Unfinished Business
86653,"Sky's the Limit, The"
2341,Dancing at Lughnasa
183629,The Garden Was Full of Moon
204148,Jimmy Tupper vs. The Goatman of Bowie
187581,Ambrosia
231209,Return to Waterloo
181559,The Good Cop
208335,Aces Go Places IV: You Never Die Twice
66927,Tokyo.Sora
177075,The Unnamable II
235107,Paper Spiders
278960,Kalt ist die Angst
196231,Dark Figure of Crime
226188,"Bloody Nose, Empty Pockets"
149875,Cinderella
168864,Temps
99525,Soldiers of Fortune
243870,Vanishing Son IV
227132,Terminal Choice
120588,Going Hollywood
7235,Ichi the Killer (Koroshiya 1)
211247,The Black Forest
249952,"Aliens, Flamingos & Ecstasy - Animated Shorts for Adults"
1351,Blood and Wine (Blood & Wine)
2442,Hilary and Jackie
152155,The Preacher's Mistress
279500,Soft & Quiet
171745,Scrat's Continental Crack-Up: Part 2
148562,Valentina... The Virgin Wife
207878,5 in the Afternoon
100270,Love Loves Coincidences
282353,Bitter-Sweet
157530,Chain Gang Women
209837,"I Graduated, But..."
3526,Parenthood
228405,Hunt for the Skinwalker
298029,National Theatre Live: Vanya
150272,Captive
1730,Kundun
172473,The Scarlet Flower
179169,¡Sufre mamón!
194983,Air Strike
2215,Rich and Strange
222801,Yaara
234621,Risky Drinking
108149,At Berkeley
282767,Tugging Diary
3245,I Am Cuba (Soy Cuba/Ya Kuba)
147797,Emergency Call
100645,Film Noir: Bringing Darkness to Light
143925,Broadway Hostess
274503,Monsieur Beaucaire
165767,Courage for Every Day
257153,Living in Peril
226936,The Legend of Bruce Lee
190815,The Testimony
208935,Lulu Belle
839,"Crow: City of Angels, The"
59138,Bernard and Doris
151681,Blood Brother
284759,Creature
256105,Just Me
167592,The Twelve Gold Medallions
185655,WWE: The Top 100 Moments In Raw History
4076,Two Ninas
934,Father of the Bride
108318,"Single Shot, A"
270576,The Good Life
230601,The Lion Standing in the Wind
177229,Ancien and the Magic Tablet
174213,The Sealed Room
215751,Chal Man Jeetva Jaiye
124209,Two Girls on Broadway
154164,404: Error Not Found
26840,Sonatine (Sonachine)
123036,Pagan Love Song
155014,Fine Dead Girls
299777,History of Evil
133935,Some Girls Do
270648,The Wall: Climb For Gold
162250,Anita
212575,Tales of Ginza
172081,All Inclusive 2
232645,A Second Chance
248978,Chronicle Mysteries: Recovered
208733,Valley of the Zombies
886,Bulletproof
27882,Riding Giants
172057,The Seven Year Hitch
118048,You Must Be Joking!
5215,"Oh, Heavenly Dog!"
190621,Big Legend
276739,One Night in Vegas
220764,Airaa
201524,Revisiting 'Fail-Safe'
178147,Beatles Stories
183693,Escape from East Berlin
196565,Clara's Ghost
60234,"Shock, The"
79057,Predators
284781,Break My Fall
292931,Father & Soldier
212693,Hakkunde
25980,Gate of Hell (Jigokumon)
98246,"Seafarers, The"
201258,It's Us
111762,Mikra Anglia
122389,The Fastest Guitar Alive
175581,Dock Ellis & The LSD No-No
195255,They'll Love Me When I'm Dead
81688,Habit
227703,Secrets of the Saqqara Tomb
132586,The Four Year Plan
286535,Russie - Le laboratoire syrien
152079,London Has Fallen
1350,"Omen, The"
288473,All the World Is Sleeping
214926,Torpedo
298645,La guerra degli Antò
152232,Bunker Palace Hôtel
161336,Author: The JT LeRoy Story
138940,Duska
122793,Skyjacked
199490,The Banker
145867,Blue Fin
174263,Humorous Phases of Funny Faces
79276,"Pont du Nord, Le"
256907,Kaatskill Kannibals
132930,Demon Rage (Emanuelle e Françoise)
295055,Three Blind Mice
4500,Drowning by Numbers
1578,"Innocent Sleep, The"
263405,Nightmare Alley
285761,Paint
248430,The Giraffe
178047,Call of the Wolf
135833,One-Armed Boxer
231693,The Bill Collector
90286,"I Am My Films - A Portrait of Werner Herzog (Was ich bin, sind meine Filme)"
194346,The Vanished
251306,Morgue
95137,"Needle, The (Igla)"
248034,Dawn of the Beast
103135,Looking for Palladin
130908,Blue Tornado
121612,Trapped in the Closet: Chapters 23-33
43608,Panic in Year Zero!
4062,Mystic Pizza
267204,Lost
142604,Pay the Ghost
170987,The Covenant
113862,"Guest, The"
231263,Post Mortem
71,Fair Game
157067,Five Evenings
7728,"Postman Always Rings Twice, The"
276681,Love in Action
53435,Hostel: Part II
277454,Kutsal Damacana
230087,Do or Die
294621,School Society
5065,"Mothman Prophecies, The"
1404,Night Falls on Manhattan
143801,Noi donne siamo fatte così
266760,Reign of the Superwomen
245266,Meet the Fleet
215471,"The Chef, The Actor, The Scoundrel"
136958,Mortuary
121326,The Blood of Fu Manchu
186937,Hypersomnia
167004,Forbidden Love Game
239548,Do It for Uncle Manny
248876,Senior Entourage
191301,Iddarammayilatho
279224,Kadamban
196203,1210
274831,Montana Story
237055,Tail Spin
138362,A Special Day
224527,Miss Marx
136020,Spectre
100411,"Foreigner, The"
5116,Designing Woman
165587,The Admirer
210069,Of Girls and Horses
213459,"¿Pero no vas a cambiar nunca, Margarita?"
4225,"Dish, The"
8617,Butterfield 8
128782,Twelve Plus One
191965,Comedy Central Roast of Bruce Willis
208285,White Rabbit
252326,The Fiancee
173757,Up in the World
31932,Fallen Angel
281412,Only a Mother
244988,Christmas in the Highlands
81979,"Monk and the Fish, The (Le moine et le poisson)"
284999,Freibad
176463,High Class Call Girls
144029,The Hitcher II: I've Been Waiting
164967,How to Make a Monster
183367,Sticky Notes
191735,Wild Berries
6699,Once Upon a Time in the Midlands
141946,Meru
297741,Three Little Pigskins
212235,Bratz Passion 4 Fashion Diamondz
222769,Black Lizard
165187,Roller Blade Warriors: Taken by Force
72958,Mum & Dad
287265,Trás-os-Montes
38001,Man to Man
41212,Mondovino
131745,Baby Love
298849,The Astronaut
123034,Aces Go Places V: The Terracotta Hit
139626,The Human Experiment
135945,Bottoms Up
103382,"Last Seven, The"
160402,Rags
105416,Germany Pale Mother
271907,South Bureau Homicide
260583,Outlaw's Buckle
287211,The Fire Alarm
78637,Shrek Forever After (a.k.a. Shrek: The Final Chapter)
252596,Fingerprints
126108,Diario de un skin
171455,Fabricated City
8871,"Last Shot, The"
26662,Kiki's Delivery Service (Majo no takkyûbin)
240634,A Writer's Odyssey
124306,New World Disorder
263083,Under the Volcano
141347,Watusi
290105,You Are So Not Invited to My Bat Mitzvah
147720,Young Tiger
147998,Away All Boats
278362,The Love Expert
191125,Pharos of Chaos
189049,Adventures In Public School
111255,"Wednesday!, A"
56651,Seduced and Abandoned (Sedotta e abbandonata)
286243,Wages of Sin
283841,PROTOTYPE
113610,Adventures of the Penguin King
120815,Patton Oswalt: Werewolves and Lollipops
110324,"Missing Picture, The (L'image manquante)"
103422,"Beach Boys: An American Family, The"
1568,MURDER and murder
45028,"Prairie Home Companion, A"
60609,Death Note
265116,Shed of the Dead
6179,"Prayer for the Dying, A"
33644,Dominion: Prequel to the Exorcist
223854,Gabriela
115671,"Dancing Masters, The"
286369,Little Richard: I Am Everything
216505,That Old Dream That Moves
8128,Au revoir les enfants
6936,Elf
208989,The Cat and the Moon
924,2001: A Space Odyssey
6114,Permanent Vacation
44595,Resurrection
1223,"Grand Day Out with Wallace and Gromit, A"
155872,The Perfect House
38320,Valerie and Her Week of Wonders (Valerie a týden divu)
195871,An Ethics Lesson
245136,The Fallout
103324,"Vampire, The"
1809,Fireworks (Hana-bi)
3916,Remember the Titans
69995,Tokyo Sonata
169452,Shyness Machine Girl
173913,Center of My World
123886,Leathernose
93492,Like Water
106284,Back Pay
164387,Maigret Sets A Trap
104677,King Cobra
130930,House of Whipcord
159546,Blue Angel Cafe
181711,Akaton mies
188273,Fits and Starts
292709,End of the Season
257439,The Bouquet
290215,The Good Mother
163388,The Mouse Comes to Dinner
1882,Godzilla
195749,Trezor
195175,Monster Party
217573,5G Zombies
86576,"Light Bulb Conspiracy, The"
284689,Werewolf Cabal
219490,The Amaranth
3203,Dead Calm
254758,The Greenhouse
283985,Isi & Disi - Alto voltaje
158815,Chasing Leprechauns
218487,Long Gone Summer
297485,The Purple Monster Strikes
198963,My War
238822,Cactus Jack
214268,Zelyonyy teatr v Zemfire
4371,Baby Boy
192025,Bottle Rocket
2065,"Purple Rose of Cairo, The"
266422,Red Stone
117596,Devil's Doorway
123868,The Jayhawkers
210383,From Vegas to Macau II
88674,Edison Kinetoscopic Record of a Sneeze
230095,23 Walks
89327,Love Ranch
281534,"It's a Mystery, Charlie Brown"
120604,Her Man Gilbey
285485,Taming of the Shrew
116535,Scarecrow
145224,Bigfoot
201500,Laaf Wa Dawaraan
296345,Holly
250574,Haredevil Hare
2808,Universal Soldier
168230,Troublemaker
214340,blank 13
255847,Bedevilled Rabbit
145702,Werewolf in a Girl's Dormitory
159133,Visions of Frank
158611,The Weight of Chains
44663,"Caiman, The (Il caimano)"
120400,Free Ride
104213,Growing Pains
272723,Isabella
97254,Shakespeare-Wallah
99798,Somewhere in Palilula (Undeva la Palilula)
83138,Erasing David
271711,Displaced
138766,Never Ever
49735,Another Gay Movie
243226,Love Pain Sevdah
56508,Starting Out in the Evening
246534,Time Warp: The Greatest Cult Films of All-Time - Vol. 3: Comedy and Camp
282771,"Fish, Football and Girls"
26277,Slither
273977,365 Days: This Day
130744,"Nana, the True Key of Pleasure"
143757,Il bell'Antonio
215543,Dead Right
74107,Together Again
289759,Gadar 2
252002,Project Eden: Vol. I
143450,Morlang
282189,The Mistress
253772,The Deep House
250570,What's Cookin' Doc?
274731,The Shield of Honor
137212,Blowing Wild
173045,Teen-Age Strangler
203475,Love in Magic
111044,"Golden Christmas, A"
156958,Young Girls of Wilko
41792,"Organization, The"
120426,Gambler V: Playing for Keeps
7036,Teen Wolf
6374,"In-Laws, The"
366,"Wes Craven's New Nightmare (Nightmare on Elm Street Part 7: Freddy's Finale, A)"
282575,Jaya Jaya Jaya Jaya Hey
121539,White Fang and the Gold Diggers
215835,Two Against the World
189105,Class Rank
217326,All the Cities of the North
141513,Fort Tilden
111562,Ambush at Dark Canyon (Dark Canyon)
299875,Hotel Desire
113495,"Act of Murder, An (Live Today for Tomorrow)"
134796,Bitter Lake
104453,"Marva Collins Story, The"
184895,The Four Skulls of Jonathan Drake
245386,Once Upon a Christmas Miracle
136431,Pappa ante Portas
231983,Ghoul Scout Zombie Massacre
131188,A Man To Remember
249686,Quasi at the Quackadero
7306,"Herod's Law (Ley de Herodes, La)"
243092,Black Flowers
128231,Shadow
2608,Heaven
69803,Pinchcliffe Grand Prix (Flåklypa Grand Prix)
270346,Kimi
258683,Dief!
279066,The Garden
123294,They Fought for Their Motherland
146632,Aayitha Ezhuthu
115086,California Casanova
32721,Battle of the Bulge
277338,Seven Mummies
789,"I, the Worst of All (Yo, la peor de todas)"
144218,Chez Nous
573,"Ciao, Professore! (Io speriamo che me la cavo)"
248166,City Rats
144570,Kung Fu Chefs
130480,I Walk Alone
153832,We Were Once a Fairytale
91037,From Beyond the Grave (Creatures)
275999,Diamond Hands: The Legend of WallStreetBets
90811,Glasses (Megane)
298033,Hammarskjöld – Fight For Peace
203879,The Nobodies
252646,False Positive
90112,First Love
152187,Ticky Tacky
112515,"Babadook, The"
191879,Psycho Sleepover
244398,Finn
196007,The Go-Between
100810,Dark Skies
195761,The World Before Your Feet
121656,Smart Woman
176967,Unforgettable
236405,Duel in the Jungle
1328,"Amityville Curse, The"
90526,Beginning of the Great Revival (a.k.a. The Founding of a Party)
252770,Gatao: The Last Stray
245030,Calling It Quits
235603,The Relationtrip
116453,Hateship Loveship
122912,Avengers: Infinity War - Part I
151629,World Without End
208046,Täydellinen joulu
202836,Angel III: The Final Chapter
115524,Why Me?
274851,The Purple Horizon
103303,Yamla Pagla Deewana 2
216332,Anatomy of a Marriage: My Days with Jean-Marc
141636,Papanasam
174871,I due orfanelli
283753,Ars
161478,Dark Mission: Flowers of Evil
142999,Hidden
272851,Oshin
8985,Blade: Trinity
292405,The Memory Thread
100902,911 in Plane Site
196839,Involution
3621,Possession
264712,The Subject
123575,Shoot Out
86606,Tracker
163713,Rampage: Capital Punishment
275769,Alle unter eine Tanne
98,Shopping
102156,Zombies of the Stratosphere
198117,Charleen or How Long Has This Been Going On?
162502,Youth Runs Wild
193902,Been So Long
4502,Ernest Saves Christmas
246808,Technicolour Daydream
185811,Horror Rises from the Tomb
50610,Beer League
154488,Thumbtanic
97055,7 Below (Seven Below)
190747,Mara
236331,Another Plan from Outer Space
298015,Our Secret Diary
177089,Curse of the Undead
115795,Bronx Obama
25966,"Greatest Love, The (Europa '51)"
128289,Marguerite of the Night
88488,"Summer Wishes, Winter Dreams"
1996,Poltergeist III
198227,The Man with a Shotgun
206581,Tableau d'honneur
242586,Faces in the Dark
153472,Uma Onda no Ar
192515,Ramaiya Vastavaiya
296253,Una festa esagerata
221104,The Untold Story 2
155832,Yoga Hosers
207538,Station Master
154933,Oosaravelli
275543,The Adventures of Nasreddin
124394,If Winter Comes
26611,"Whales of August, The"
201917,4Closed
269938,Love in Tokyo
268592,Through My Window
273075,The Lunatics
140243,Tokyo Tower
136341,Scooby-Doo! and the Samurai Sword
277102,I Am Semiramis
74512,Steal This Film
276457,This Is Korea!
126751,Karlsson on the Roof
199906,Gorath
183543,Flesh Gordon meets the Cosmic Cheerleaders
187461,Most Likely to Murder
8448,ComDads (les Compères)
128389,The .44 Specialist
237512,The Forward Pass
1686,Red Corner
167286,Five
1044,Surviving Picasso
279936,The Mole Song: FINAL
275147,Arche Nora
158254,Kindergarten Cop 2
118526,The New Monsters Today
261253,Blue
203080,Hit-and-Run Squad
127214,"Stockholm, Pennsylvania"
144486,Operation 'Happy New Year'!
135647,Tommy Tricker and the Stamp Traveller
2107,Halloween H20: 20 Years Later (Halloween 7: The Revenge of Laurie Strode)
5432,Hero and the Terror
108046,"Soldier's Plaything, A"
296745,Hazaaron Khwaishein Aisi
4591,Erik the Viking
258359,Strikebound
149686,Mr. Six
224671,The Water Man
2876,Thumbelina
258619,City Killer
6148,White Dog
6270,Akira Kurosawa's Dreams (Dreams)
1465,Rosewood
268128,Natural Enemy
155448,"Ebony, Ivory & Jade"
293193,Je'vida
112980,Café
243510,A Valentine Carol
273175,Gobble-Gobble
267644,Waiting for Godot
78358,"Go, Go Second Time Virgin (Yuke yuke nidome no shojo)"
115011,No Time for Nuts
85994,Sex Galaxy
92343,"Great Bank Hoax, The"
160066,Savage Guns
139689,My Sister's Keeper
178839,Crooked House
232873,Yogi's Great Escape
195413,Die in One Day
135745,Labyrinth
242742,Cartoon Classics - 28 Favorites of the Golden-Era Cartoons - Vol 1: 4 Hours
248922,Everything Is a Remix
192197,The Row
254498,Terminal: Paradise
262895,"It's Nothing Mama, Just a Game"
133019,Catherine of Russia
70611,Traffic Affairs (Mitfahrer)
143980,Home for the Holidays
255183,Judy's Dead
222567,Blue Murder at St. Trinian's
297195,Comedians
207003,La plaça del diamant
198655,Auld Lang Syne
137457,Blue Lagoon: The Awakening
189241,Hotel Artemis
125311,My Mom's a Werewolf
193185,Fahrenheit 11/9
220034,7 Deadly Sins
276869,Money: A Tragicomic Saga
115761,Inserts
287297,To Die in Madrid
132404,Vita frun
199003,WTF!
2517,Christine
116553,The Desperate Trail
157045,The Young Stranger
257287,Blessings
132526,I'm Not Jesus Mommy
55269,"Darjeeling Limited, The"
5062,Seconds
96805,Nobody Knows Anybody (Nadie conoce a nadie)
150062,Gaston's War
197779,What's Up Doc?
287475,Women on the Run
131852,The Mad Genius
287833,You’re Killing Me
203984,The Conquest Of Siberia
190825,Automatic at Sea
79134,Grown Ups
265100,It Kills: Camp Blood 7
260789,The Sword
105357,Tyler Perry's Temptation: Confessions of a Marriage Counselor
232671,69: The Saga of Danny Hernandez
198779,Isolated
696,Butterfly Kiss
4453,Michael Jordan to the Max
277958,Boléro
166136,Strangers in the Night
233159,Torbaaz
169466,Make-Out with Violence
103050,Pyaar Ka Punchnama
46974,World Trade Center
124575,The Wind in the Willows
216945,M.O.M. Mothers of Monsters
175777,Padayappa
7394,Those Magnificent Men in Their Flying Machines
157635,Broken Side of Time
218263,Jesus
3596,Screwed
173947,The Great Piggy Bank Robbery
113563,"Phantom Stagecoach, The"
159211,Slightly Single in L.A.
5642,"Onion Field, The"
201863,Poms
135595,Encounters of the Spooky Kind
128725,Eloise at Christmastime
189907,Midsummer's Equation
232459,Funny Boy
193331,Последняя невеста Змея Горыныча
102941,Special Forces (Forces spéciales)
245444,WeWork: or The Making and Breaking of a $47 Billion Unicorn
159648,Spooky Town
288869,Murder on a Bridle Path
207922,Luck at First $ight
163623,The Cycle Savages
193569,Enchanted Princess
147657,Masked Avengers
80363,Resident Evil: Afterlife
294537,The Black and White Milk Cow
26804,Return to Lonesome Dove
118776,Lap Dance
197929,Histoire(s) du Cinéma: A New Wave
5720,"Friend Is a Treasure, A (Chi Trova Un Amico, Trova un Tesoro) (Who Finds a Friend Finds a Treasure)"
85724,Chains (TV)
122488,Tomorrow You're Gone
264502,Show Me the Ghost
249670,Breathdeath
234705,Wasted
112385,Nightmare Circus
286917,Silent Land
186265,Family Fever
170303,The Legend of Billie Jean
106208,Stuck
173673,The Foundling
125413,Soul Power
87420,"Danube Exodus, The"
1389,Jaws 3-D
278724,National Theatre Live: Prima Facie
119023,The Three Musketeers of the West
197687,All Square
284381,Where the Shadows Fall
67193,Duplicity
258701,Notorious Nick
6223,Spun
210601,Sweetheart
293705,Pass the Gravy
187753,Pope Francis: A Man of His Word
80358,"Theory of Everything, The"
148824,Chemerical
113780,"As Above, So Below"
128023,Last of the Wild Horses
143001,Anti-Social
193825,The Police Are Blundering in the Dark
159079,Doomsday Machine
284503,See You Soon
123163,The Suspect
90341,Catching Hell
98786,Snowmageddon
72391,"Through the Mist (Dédé, à travers les brumes)"
210471,Back of the Net
212621,Wonder Seven
189495,Legendary Amazons
210791,Elton John: Tantrums & Tiaras
145994,Formula of Love
135228,The Possibilities Are Endless
253118,Saltwater: The Battle for Ramree Island
168650,XX
192571,Who's Your Monkey?
247682,Mindscape
151388,Pian delle stelle
5393,Cowboy
202561,Furie
223500,The Honeymoon Phase
1167,Dear God
251746,Paseo por una guerra antigua
25750,Sherlock Jr.
95754,From Beginning to End (Do Começo ao Fim)
216673,Tailgating
234428,Asteroid: Final Impact
281910,Magazine Dreams
275825,"Terror, Sisters!"
270804,Dirty Hearts
101695,Hadersfild (Huddersfield)
236713,Goliath II
108766,William Kunstler: Disturbing the Universe
191,"Scarlet Letter, The"
192647,Wizards of the Demon Sword
85362,Herb & Dorothy
115985,Going Back
273857,¿Y cómo es él?
197787,Heavenly Puss
36083,Main Hoon Na
139289,The Shattering
1184,Mediterraneo
118750,For Love... For Magic...
132983,Overnight
273971,Reroute
2192,See the Sea
285297,"Chloe, Love Is Calling You"
299407,Casablanca Driver
238218,Brothers of the Night
271851,Three Years
296979,The Housemaid
172373,Bank$tas
270082,The Human Factor
5328,Rain
119603,Down Twisted
121951,Walk a Crooked Mile
118716,The Lady in Red Kills Seven Times
99343,Harem suare
30867,Kamikaze Girls (Shimotsuma monogatari)
173437,Jeremiah Tower: The Last Magnificent
194766,Yes & Yes
268438,Paul McCartney: Back in the U.S.
98083,Jackass 3.5
185183,Call Me: The Rise and Fall of Heidi Fleiss
245258,Major Grom: Plague Doctor
2686,"Red Violin, The (Violon rouge, Le)"
293107,Refuge
203108,The Pit and the Pendulum
273323,Beate Uhse - das Recht auf Liebe
115460,Motivational Growth
243490,The Red Nightmare
95873,Ruby Sparks
2262,About Last Night...
210567,Metal and Melancholy
4660,Scenes from the Class Struggle in Beverly Hills
130404,The Linguists
158968,Property Is No Longer a Theft
176977,Close to Eden
66389,AmericanEast
3980,Men of Honor
277540,Wolf
109796,Special Correspondents (Envoyés très spéciaux)
6155,How to Lose a Guy in 10 Days
3886,Steal This Movie!
7344,"Wrong Arm of the Law, The"
176075,The Defiant Ones
274771,How to Train Our Dragon
82037,"Tillman Story, The"
271196,Air
232833,Max Cloud
246042,Acts of Violence
159626,Zoombies
249894,Das Geheimnis meiner Schwester
506,Orlando
162814,The King
248002,Army of One
147078,This Earth Is Mine
286465,Qorin
6400,Murder on a Sunday Morning (Un coupable idéal)
214943,Foxtrot Six
140665,84 Charlie Mopic
98367,"Perfect Family, The"
136660,Larry Gaye: Renegade Male Flight Attendant
511,"Program, The"
234649,Silver Needle in the Sky
191885,Slaughter Party
212511,Alone
222248,Dil Bechara
210815,High Note
167728,The Gaul
273921,Dettori
145783,The Seven Magnificent Gladiators
278632,After Ever Happy
5403,"Sleepy Time Gal, The"
243606,A Town of Love and Hope
253758,Theatre of Fear
42197,Keeping Mum
92352,Reel Injun
97386,Choking Man
123596,One Spy Too Many
245570,Murder Mansion
129243,Afstiros katallilo
126036,Barbie: A Fashion Fairytale
1164,2 ou 3 choses que je sais d'elle (2 or 3 Things I Know About Her)
141548,"Win, Place or Steal"
233551,The Canterville Ghost
197581,Good Day for It
214296,The Demon of Mount Oe
239328,Public Figure
115871,Mercy
101446,"Big Circus, The"
260197,Shooting Bond
111876,"Revolutionary, The"
6909,"Eye, The (Gin gwai) (Jian gui)"
97280,We Are from the Future (My iz budushchego)
223792,Cinderella
253644,Heart of a Child
5747,Gallipoli
252416,Hellraiser: Evolutions
2101,Squanto: A Warrior's Tale
5347,Deuces Wild
186683,Thanmathra
272037,Windfall
123435,Wreckage
170457,Smoking Guns
268308,Fascism on a Thread: The Strange Story of Nazisploitation Cinema
82186,It's Alive 2: It Lives Again
1124,On Golden Pond
217665,He Loved Them All
237886,Sweet and Low-Down
154766,Who Done It?
92214,"Poseidon Adventure, The"
488,M. Butterfly
6503,Charlie's Angels: Full Throttle
235479,Adventures of a Mathematician
252496,México Bárbaro II
241186,The Stone Merchant
245188,Bailey's Mistake
253568,The Christmas Choir
170975,The Ten Lives of Titanics the Cat
171157,Lowriders
122072,The Navy Comes Through
233279,Jekyll
198345,Operation Snafu
178607,Red Wood Pigeon
133301,The Water Front
170177,Now and Forever
111249,Belle
160612,Extralarge: Lord of the Sun
189251,Modern Love Is Automatic
179671,A Tale of Samurai Cooking - A True Love Story
67457,Naked Fear
134332,Bhool Bhulaiyaa
144666,Blondie Has Servant Trouble
240352,The Council
267748,New Year Repair
173133,Brides of Blood
120901,I'm Crazy About Iris Blond
128942,Hollywood Between Paranoia and Sci-Fi. The Power of Myth
179717,Skeleton Coast
194042,Missing Person
260887,High Season
157230,Disney's Very Merry Christmas Sing Along Songs
251086,The Suicide Squad
210211,Ali Baba and the Forty Thieves
132238,Amelia Earhart: The Final Flight
46322,Jet Li's Fearless (Huo Yuan Jia)
106770,5up 2down (Getting High) (5 Up 2 Down)
197593,Elephants Can Play Football
215693,Slay Belles
179193,Enter the Game of Death
200618,Blondie's Anniversary
229839,April Snow
120458,Ghost Team One
131514,Ginger Ale Afternoon
201811,Yesterday
297971,Midnight Peepshow
6422,Shenandoah
241988,Why Me?
148122,Son of Hercules vs. Medusa
179245,Jupiter's Moon
167304,A Tale of Two Critters
230715,El paseo 2
97190,Fearful Symmetry: The Making of 'To Kill a Mockingbird'
230659,Wing Mirror
202271,The Invisible Witness
120853,Fresh Guacamole
58941,Just Anybody (Le premier venu)
273017,The Wasting
272419,Radioman
157458,Man in the Shadow
207770,American Experience: Reagan: Part II
183897,Isle of Dogs
190101,The Pistol Shrimps
109571,Into the Middle of Nowhere
154156,Yeh Saali Zindagi
186347,Extinct Pink
4692,"Hotel New Hampshire, The"
229391,The Last Vermeer
211764,Vacations of Terror
77896,Gold
3789,"Pawnbroker, The"
282925,The Lost Treasure of Hursit Pasha
176619,The Golden Antelope
280558,Dirty Daddy: The Bob Saget Tribute
182643,The Cat Piano
296111,"Love Me, Love My Mouse"
129512,Teen Spirit
136245,Scooby-Doo! and the Reluctant Werewolf
164075,The Queen of Ireland
149108,Murder in the Dark
282019,It's a Wonderful Life
6188,Old School
69489,How I Unleashed World War II (Jak rozpetalem II wojne swiatowa)
38376,Everybody's Fine (Stanno tutti bene)
275119,Toy Aficiao
278546,A Gentlemen's Duel
266610,Shot in the Dark
241064,After the Night with Valerie
159606,Kapoor and Sons
276255,Alone With Her Dreams
237728,Fastest
147216,Pirates of the 20th Century
6245,Sweet Charity
218443,Ali Siddiq: It's Bigger Than These Bars
181833,I'm No Fool with Fire
111036,Attack from Space
245880,Go! Go! Cory Carson: The Chrissy
277100,Red Cross Girls
2185,I Confess
2533,Escape from the Planet of the Apes
92094,Einstein and Eddington
141886,The Dress
298071,Chocolate Lizards
277346,Deadly Appearances
242594,Day of the Nightmare
140421,Tired of Kissing Frogs
265334,A Castle for Christmas
285125,What Lucia Saw
125453,Space Warriors
3257,"Bodyguard, The"
95517,"Barchester Chronicles, The"
247550,The Song Lantern
151675,Lazer Team
241894,The Best Place to Be
85414,Source Code
343,"Baby-Sitters Club, The"
271671,The Gospel of Mark
226982,The Whaler Boy
3185,Snow Falling on Cedars
8272,Cromwell
93008,"Very Potter Sequel, A"
118974,Raiders From Beneath the Sea
261501,Max Q: Emergency Landing
223183,The Big Fat Stone
45382,Down in the Valley
26695,"Krays, The"
233693,The Furnace
262711,The Golden Bird
121549,Super Stooges vs the Wonder Women
160249,One Romantic Night
103032,They Call Us Misfits (Dom kallar oss mods)
103465,Call Girl
179513,Lucky's Treasure
165883,May God Save Us
200328,All the Bright Places
74257,"Ambulance, The"
674,Barbarella
224789,Son of the South
3912,Beautiful
7299,Monsieur Ibrahim (Monsieur Ibrahim et les fleurs du Coran)
160892,"Right Now, Wrong Then"
208827,The Quick Gun
2450,Howard the Duck
218157,The Island of the Lost
239174,Once Upon a River
214874,Living and Knowing You Are Alive
273213,A Lover in Pawn
153768,No Smoking
122898,Justice League
295679,"It's Spring Training, Charlie Brown"
185219,Apolinar
296977,Hellaro
8491,White Heat
212785,Red Wolf
57688,Fields of Fuel
250020,On the Far Side of the Tunnel
118486,Ricky & Barabba
144340,Countdown
270604,Schönes Schlamassel
7416,"Sunshine Boys, The"
165099,The Devil's Express
256371,Therapy
194777,The House of Violent Desire
137238,Submarine Command
131936,Space Dogs
124797,Voodoo Possession
221548,On the Rocks
260245,Indochine: A People's War in Colour
158400,Hyper Sapien: People from Another Star
173433,Metalocalypse: The Doomstar Requiem
167816,The Hollow
106462,"Fiancee, The (Parineeta)"
194646,Tyrel
279260,Violeta Doesn't Take the Elevator
160666,Non essere cattivo
299425,Fresh Air
1198,Raiders of the Lost Ark (Indiana Jones and the Raiders of the Lost Ark)
275289,Pestilenz
154604,"I Flunked, But..."
123983,Spook Busters
1421,Grateful Dead
217200,Kill The Umpire
169374,Aries Spears: Comedy Blueprint
71697,Our Daily Bread
154268,Open Season: Scared Silly
139807,Firequake
187301,Mississippi Hare
547,Surviving the Game
204266,First Time Felon
164993,The Blood Oranges
252594,The Culprit
56874,Chicks with Sticks
130040,Mo
74488,Ondine
160374,Politics
82302,Dillinger Is Dead (Dillinger è morto)
170455,Boys of Abu Ghraib
176771,Surviving Evil
124498,They Call It Sin
111358,"Small Town in Texas, A"
226680,Shadow in the Cloud
132118,Alex of Venice
194000,A Pain in the Ass
129248,Exhibition
256701,Ed McBain's 87th Precinct: Heatwave
897,For Whom the Bell Tolls
8444,"Chipmunk Adventure, The"
140237,The Runner
294559,Asteroid
240076,Dog Gone Love
160153,Angels One Five
8901,Flashpoint
226284,The Turn of the Screw
172151,The Shocking Miss Pilgrim
249468,Little Kingdom
184113,Christmas Tango
122329,Sonny Boy
254222,Vengeance of the Three Musketeers
79494,Safe Sex
241132,Bachelor Lions
107589,Bad Fucking
222087,Dirt Music
143464,Where Hope Grows
203940,Zeroville
227957,Ora 11 Jon
209705,Dino King: Journey to Fire Mountain
136194,Dracula III: Legacy
248400,Going Attractions: The Definitive Story of the Movie Palace
158729,How Beer Saved the World
85540,Essential Killing
300317,The Womb
280072,Paul's Promise
32151,It Happened to Jane
272391,The Mallory Effect
242010,Double Whoopee
47774,"Icicle Thief, The (Ladri di saponette)"
195313,Conspiracy Theory
207806,Classic Albums: Frank Zappa - Apostrophe (') Over-Nite Sensation
296507,Ömer the Tourist in Star Trek
235321,The Paper Tigers
103030,Any Day Now
286051,Acidman
177731,The Pointsman
117875,Just a Sigh
87170,Zombie Girl: The Movie
290137,Goodbye to the Past
93393,Great Directors
269102,Kirk Franklin's A Gospel Christmas
258395,Surrealistic Nightmares: An In-depth Look at Walloon Horror Cinema
52443,Origin: Spirits of the Past (Gin-iro no kami no Agito)
207532,"Halt, Or I'll Miss!"
283569,Someday We’ll Tell Each Other Everything
221470,Sea of Shadows
58078,"Air I Breathe, The"
2363,Godzilla (Gojira)
188747,The Adventure Club
72668,Torrente 2: Misión Marbella
239634,Islamic Art: Mirror of the Invisible World
31856,Surplus: Terrorized Into Being Consumers
4425,Howling III: The Marsupials
178533,Bernadette
232075,Legacy of the Incas
208209,The Roommate
157492,Russell Howard Live: Dingledodies
257651,Marry a Rich Man
159353,"Kiss Me, Damn It"
27919,Fahrenhype 9/11
290203,See You On Venus
249804,Embryo
69506,Luther the Geek
205573,Travis Scott: Look Mom I Can Fly
163030,Arianna
85790,Meek's Cutoff
98854,Hitman (Contract Killer) (Sat sau ji wong)
160788,Night Train
156266,Passport to Suez
172503,A Man with Warranty
84525,Virus X
252282,Wampler's Ascent
289779,Agent Stone
190391,Axolotl Overkill
4473,Bat*21
171217,They Call Me Macho Woman
103359,"Tempest, The"
270882,Freedom
91558,Flamenco (de Carlos Saura)
137841,Harlow
237934,Cléo from 5 to 7: Remembrances and Anecdotes
215439,In My Father’s House
31617,El Cid
185601,Raid
59116,Virgin Territory
162950,Murder at the Savoy
169274,The Fabulous Pastars
156541,Crashing Las Vegas
145,Bad Boys
174015,Saving Banksy
264257,Guinevere
193403,A Talking Cat!?!
241782,Antoine Griezmann: The Making of a Legend
274575,Billu Ustaad
175927,Friend of the Jolly Devil
130510,Berserk: The Golden Age Arc 3 - Descent
140579,My Sweet Little Village
201999,Finish Line
282199,"Maria, Leonora, Teresa"
151937,The Ringer
169074,Chittagong
191027,Space Brothers
202391,Malibu Rescue
73457,Flavor of Green Tea Over Rice (Ochazuke no aji)
4496,D.O.A.
8856,Roller Boogie
26913,Street Fighter II: The Animated Movie (Sutorîto Faitâ II gekijô-ban)
116724,You Are the Apple of My Eye
228939,Dudes!
200764,Camera Obscura
227925,La caza de brujas
103420,Life Without Dick
137581,Dog Star Man: Part I
214064,Miami Bici
235121,Here Comes Peter Cottontail: The Movie
197311,"Into the Dark: New Year, New You"
8821,Harum Scarum
89016,What Did the Lady Forget? (Shukujo wa nani o wasureta ka)
27372,Uprising
163122,Bodom
25807,"Black Cat, The"
281704,Cheerleader Nightmare
270342,Django & Django: Sergio Corbucci Unchained
124731,Just My Luck
135541,Noodle
180023,Wojtek: The Bear That Went to War
284799,A Little White Lie
210885,Street Flow
103920,"All Together, The"
180995,The Cat and the Fiddle
222847,Almayer's Folly
191351,To All the Boys I've Loved Before
240014,Appearances
240524,Final Set
282529,Maybe I Do
252320,Maggie Simpson in The Longest Daycare
290918,Heart's Motive
236579,A Man Alone
244552,Cowboys and Angels
164522,Flying Boys
208813,Noelle
201468,Bereave
161356,Le Mataf
244984,Girl Boss: Crazy Ball Game
218369,The Path of the Wind
291256,The Steed
91035,Wuthering Heights
112554,Luther
266066,Thorp
195689,What Still Remains
289761,You Can't Do That! The Making of 'A Hard Day's Night'
286891,The Strange Disappearance of Comrade Kuliakov
185751,40
49220,For Your Consideration
191937,Mahanadhi
288561,The Strangers in 7A
158352,I Aim at the Stars
221342,Soldier Millions
182807,Oldest Living Confederate Widow Tells All
246828,Veredicto implacable
273231,Manifest Evil
5150,Under the Skin
236175,Northern Lights
222545,Vibration
110110,Starred Up
96022,Dick Tracy vs. Cueball
150250,Cute and Dangerous
247546,Travelling Actors
221702,The Closet
123537,The Great St. Trinian's Train Robbery
143882,Operator
284943,Frontier Blues
235265,"Dans une galaxie près de chez vous, le film"
7169,Chasing Liberty
125145,BlackJacks
125563,Tasting Menu
252040,I'm Not Worthy of You
112404,Jack Strong
615,Bread and Chocolate (Pane e cioccolata)
224483,Stormswept
261521,Everything You Wanted to Know About Sudden Birth (but were afraid to ask)
87556,Jacqueline Susann's Once Is Not Enough
246912,Bisping
186947,I Am Not an Easy Man
217109,Van de vos reynaerde
241548,Correction
268858,Sex Appeal
290789,Empire
67087,"I Love You, Man"
298095,Duck Academy
280208,The Invisible
8527,I'll Sleep When I'm Dead
109108,"Certain Kind Of Death, A"
31184,Appleseed (Appurushîdo)
94070,"Best Exotic Marigold Hotel, The"
167784,Trailer Park Boys - Live in F**kin' Dublin
263387,A War of Children
167894,Stranglehold
272045,Old-Timers
262299,The 7th Dimension
176997,Video Game High School
96853,Thin Ice
252430,Dominator
198861,What Makes a Psychopath?
217344,The Masked Rider
273737,Banksy Most Wanted
123445,A Killing in a Small Town
225988,Jiang Ziya
27736,Take My Eyes (Te doy mis ojos)
7334,"Front, The"
130698,The Swap
3483,"Road to El Dorado, The"
139588,Neon Maniacs
217513,The Man Who Loved Redheads
254028,Crayon Shin-chan: Invasion!! Alien Shiriri
251496,Murder by the Book
89398,Commandos Strike at Dawn
210919,Godhi Banna Sadharana Mykattu
279098,Pass the Salt
196609,Bigfoot The Movie
169068,All This Panic
223852,Cuba Cabana
128165,Scooby-Doo in Arabian Nights
203815,Guests
285685,Lust in Space
112463,Black Gunn
245650,Gilbert's Revenge
108516,Visitors
246820,Joy Street
8004,Planet of the Vampires (Terrore nello spazio)
213826,Sashinka
160450,Mirch
6448,"Flight of the Phoenix, The"
208795,Zana
99364,Move (3 Zimmer/Küche/Bad)
122647,Movers & Shakers
114775,Chained Heat II (Chained Heat 2)
245894,Andaleeb El Dokki
5870,Revolution #9
197143,Donnybrook
119224,Tyler Perry's A Madea Christmas
113304,American Revolutionary: The Evolution of Grace Lee Boggs
193757,Francis Bacon: A Brush with Violence
225311,Butterfly House
213892,The Hunt
273933,Midnight Sex Run
192755,Hurricane Bianca: From Russia with Hate
195897,Out of Sight
175239,Bon Cop Bad Cop 2
280336,Yuppies versus Stooges
289805,Raven Song
214616,The Night and the Moment
53847,"Woman Chaser, The"
219199,The Staircase Murders
291375,Maybe It's You
172605,Ludo
68273,Amazing Journey: The Story of The Who
249562,Panic High School
287513,Robots
252152,Usuzumizakura: Garo
135637,The Widows of Thursdays
314,"Secret of Roan Inish, The"
295931,The Brotherhood of the Bell
105098,"Englishman in New York, An"
55476,"Wood & Stock: Sexo, Orégano e Rock'n'Roll"
220234,Banking on Africa: The Bitcoin Revolution
208609,The Norliss Tapes
33972,Father's Little Dividend
122565,Imaginary Friend
193845,Dywizjon 303
206421,Fallen Stars
247696,Once Upon a Time in Venezuela
117853,Bill Bailey: Qualmpeddler
81568,"Fuehrer's Face, Der"
152880,Garv: Pride and Honour
108508,Mother of George
161042,51 Degrees North
8796,"Funny Thing Happened on the Way to the Forum, A"
279800,Magda
288599,Confidential Informant
8057,Sweet Bird of Youth
281046,Dirty Pair: Project Eden
236035,Priceless Beauty
59861,"World Moves On, The"
105044,"Unspeakable Act, The"
231837,Feliz NaviDAD
277524,Hannas: Karanlıkta Saklanan
147611,This Isn't Funny
246764,Where I Belong
185891,The Big Dig
183831,The Lodgers
202355,Puppet Master: Axis Termination
183149,The Ash Lad: In the Hall of the Mountain King
194510,People's Republic of Desire
252946,Bad Detectives
103130,AM1200
234237,"Little Man, What Now?"
233739,La venganza de don Mendo
25751,"Big Parade, The"
123002,One More Time
154678,The Twelve Months
274381,The Call of the Cumberlands
212749,The Inspector Wears Skirts
286899,Transformers: Rise of the Beasts
207726,Annie Oakley
85284,Anna Madelina (Ngon na ma dak lin na)
188267,"Plumbum, or The Dangerous Game"
241088,Die Sklavenkarawane
6853,Campus Man
125203,Two Seconds
197933,Claws for Alarm
134886,Yessongs
111362,X-Men: Days of Future Past
154454,Allyson Is Watching
254082,Max and His Mother-in-Law
162158,Edge of Winter
273153,Soul at Peace
192161,He Was Cool
194102,Mother Goose Rock 'N Rhyme
155864,The People Speak
132112,Good Kill
285263,The Falconer
2365,King Kong vs. Godzilla (Kingukongu tai Gojira)
205769,Dogs Don't Wear Pants
27820,"Story of the Weeping Camel, The (Geschichte vom weinenden Kamel, Die)"
251130,The Darkness
227000,The Comeback Trail
208605,Voyager: To the Final Frontier
192043,Red Cow
205657,Hula Girls
162666,Kabali
299877,Kiss of a Killer
272315,"It's a Mad, Mad, Mad World III"
30810,"Life Aquatic with Steve Zissou, The"
280464,Monster High: The Movie
40581,Just Friends
124839,The Lightkeepers
202079,Crazy Six
248506,The Sleepless
220716,The College Admissions Scandal
80350,Vampires Suck
41025,"Good Woman, A"
139215,Fountainhead
210553,"The Phantom from 10,000 Leagues"
70102,One Week
281358,Miroslava
248644,The Trio's Engagements
253098,Desperate Rescue: The Cathy Mahone Story
207169,The Storm Within
247278,Singing Lovebirds
150026,The Ball
295745,Whom God Forgives
267706,F.C. De Kampioenen 4: Viva Boma!
148542,Where Can You Go Without the Little Vice?
92639,Casual Relations
68855,Montana
272469,Dave Not Coming Back
263651,The Black Angel
6415,Intervista
177713,Absurd Encounter with Fear
1317,I'm Not Rappaport
176863,Altersglühen - Speed Dating für Senioren
162890,Eddie Pepitone: In Ruins
155996,Alex: The Life of a Child
6351,Hysterical Blindness
55737,Flight of the Living Dead
124139,Mayor Cupcake
274041,Kanchan Tirana
142224,Club Life
227182,Sleepy Eyes of Death 3: Full Circle Killing
133447,Duel of Champions
193351,The Wind-of-Youth Group Crosses the Mountain Pass
282819,Brother Dejan
121300,Run If You Can
117366,Sick Girl
209313,Varda by Agnès
263749,Demigod
237149,Aeropuerto
216855,The Flash
231699,Charles Bronson: The Spirit of Masculinity
228125,Weirdos
174051,Photographer
177317,Illicit
127286,Mentor
176333,The Black Prince
188397,"Workers, Peasants"
151767,Monella
153038,Avetik
282237,Ashgrove
270508,"My Sister, My Love"
270008,Solitaire Dance
121515,Beast in Space
233431,Angels of Terror
162930,These Daughters of Mine
264672,"Plus ça va, moins ça va"
159024,The Scandalous Lady W
6521,"Main Event, The"
293215,The Coffee Table
107501,$ellebrity (Sellebrity)
152411,They Can't Hang Me
269766,Catwoman: Hunted
287415,Umberto Eco - A Library of the World
234107,Mystical Lumberjack
107289,American Raspberry (Prime Time) (Funny America)
254770,A Millionaire On The Run
209753,Mask of Thorn
151177,"Ellery Queen, Master Detective"
121324,Dot and the Whale
80206,Dirty Ho (Lan tou He)
177309,Till We Meet Again
197199,Isn't It Romantic
162876,Big Beat
275819,777 Charlie
270050,Maya
121428,The House of Usher
70849,"Doulos, Le"
233723,The Infinite Happiness
285995,Arabs and Terrorism
277042,Honor Society
231035,Mystery 101: An Education in Murder
230503,Before Tonight is Over
217691,Pinch
279194,Ninfas Diabólicas
164821,Colossal
253406,Dark Assassin
57640,Hellboy II: The Golden Army
188783,Lazer Team 2
281728,Is That Black Enough for You?!?
125055,Welcome Danger
258165,Camp Fear
131446,Rurouni Kenshin: Kyoto Inferno
105506,Television Under the Swastika (Das Fernsehen unter dem Hakenkreuz)
287155,"Hi, How Are You Daniel Johnston?"
241414,Intent to Kill
619,Ed
121003,Winter of Discontent
157164,The Priest's Children
167408,American Revolution 2
282211,Third World Happy
244320,RAGE
3418,Thelma & Louise
262249,The Big Chase
248310,Digimon Adventure: Our War Game
210235,Corpus Christi
103068,41
166155,Godless
110537,Boys' Night Out
81782,Unstoppable
150808,Sherlock Holmes and the Deadly Necklace
272613,Tonkatsu DJ Agetaro
1062,"Sunchaser, The"
253012,Black Tar Road
244216,The Secret
242072,War & Grace
6235,Europa Europa (Hitlerjunge Salomon)
94978,I Wish (Kiseki)
272127,Loveland
235147,The Mayfair Set
200404,Detective Conan: The Private Eyes' Requiem
87279,Brotherhood
186495,Jesus Christ Superstar Live in Concert
2948,From Russia with Love
90545,"True Story of Jesse James, The"
289159,The Venture Bros.: Radiant is the Blood of the Baboon Heart
31431,Boogeyman
226526,The Legend of The Five
244418,The Crocodiles Strike Back
172477,Life Cycles
191129,Alleluia! The Devil's Carnival
80846,Devil
130150,Heat Wave
271210,Pekka ja Pätkä miljonääreinä
216149,Natsume's Book of Friends: Ephemeral Bond
208000,"Love, Fall & Order"
286967,Manifest Destiny Down: Spacetime
122857,Kidnap Syndicate
187247,The Discarnates
209881,Box Office 3D - Il film dei film
239346,The Illegal
166185,Uncle Nick
136804,Russell Madness
286789,Big George Foreman: The Miraculous Story of the Once and Future Heavyweight Champion of the World
76816,Daisy
154290,100 Million BC
141074,Floradas na Serra
81305,Eyes Wide Open (Einayim Petukhoth)
90428,Margaret
3703,"Road Warrior, The (Mad Max 2)"
197025,The Skull
237542,Week-End Marriage
4703,Chocolat
113866,Leprechaun: Origins
270638,War of the Worlds: Annihilation
115680,Time Lapse
85374,Emma
148196,Kill Them All and Come Back Alone
147280,The Sunshine Boys
138634,The Baroness and the Butler
124346,Stealth Fighter
4403,"Fall of the House of Usher, The (House of Usher)"
95197,Bel Ami
91446,Run for Cover
132362,Patlabor 2: The Movie
249636,King Lily of the Valley
265390,Honeymood
130688,The Happy Hooker Goes To Washington
236573,Bugles in the Afternoon
118556,The Gun
134304,The Madwoman of Chaillot
185277,On Demande une Brute
119691,Alice in Murderland
201664,Into the Dark: All That We Destroy
193265,Why Men Don't Listen and Women Can't Read Maps
98840,Audition (Konkurs)
4835,Coal Miner's Daughter
276403,Chickenhare and the Hamster of Darkness
175319,George !
269898,Kenobi: A Star Wars Story
92728,"Summer by the River, A (Kuningasjätkä)"
215765,Kill Chain: The Cyber War on America's Elections
249640,Truth About Men
173033,Crash of Moons
4794,Opera
191967,Reinventing Marvin
288981,Jon Stewart: The Kennedy Center Mark Twain Prize
72336,"Doctor Takes a Wife, The"
224156,Pretending I'm a Superman: The Tony Hawk Video Game Story
122074,Riffraff
277188,Tarantella
266,Legends of the Fall
5173,Divorcing Jack
3900,Crime and Punishment in Suburbia
37113,Golden Boy
167520,Annie Oakley
252322,August Never Ends
187625,Back Then
280408,I'm Totally Fine
207383,Las razones del corazón
288839,The Windblown Hare
187909,Velayudham
7400,Beyond the Stars
225577,Chicago Police Parade
130612,Winter Comes Early
171417,Şabaniye
118946,The Aggression Scale
263069,Rise of the Footsoldier: Origins
27402,Dagon
177879,Ryan Hamilton: Happy Face
239244,Okay! Madam
242252,"Hello, Stranger: The Movie"
147234,Naval Cadets III
163056,Shin Godzilla
475,In the Name of the Father
86206,Dark City
27253,"Extremely Goofy Movie, An"
264930,Where Hearts Lie
202639,How to Rip Whale Tooth
139797,Smosh: The Movie
183537,Prayer of the Rollerboys
169362,Barry Crimmins: Whatever Threatens You
160730,The Adderall Diaries
165833,Rock 'n' Roll Frankenstein
165843,Risk
126401,The Unexpected Love
222723,Winnetou: The Secret of the Silver Lake
173253,Vir Das: Abroad Understanding
200176,Festival
188625,Evil Genius: The True Story of America's Most Diabolical Bank Heist
250348,A Place Called Glory
211528,Спасибо деду за победу
110067,W.W. and the Dixie Dancekings
231125,À l'américaine
214826,The Enchanted Sword
67801,Revanche
6002,Love Liza
140886,The Affair
164363,Night of the Strangler
3825,Coyote Ugly
166846,Shadows of the Dead
127598,Sweeney 2
160492,Day Of The Assassin
168046,A Nutcracker Christmas
121602,Wyoming Mail
296199,Night of the Living Dicks
163158,Affair With A Stranger
120592,Gold of the Seven Saints
80258,"Moon Is Blue, The"
2690,"Ideal Husband, An"
147276,Turf
278460,Shark Side of the Moon
273171,Dear Future Children
260983,Rickover: The Birth of Nuclear Power
188775,Polish Legends: The Dragon
94831,Leadbelly
221280,Skin of Roses
118204,McConkey
296409,Bitconned
156907,Mr. No Legs
276297,100% Coco
123091,Mercy
171057,True Identity
139171,The Big Fox
181775,The Riveter
81191,Waiting for 'Superman'
5964,Company Business
70792,Vengeance Valley
223558,Sofia the First: Once Upon a Princess
211588,A Waltz Through the Hills
161772,End of the Line
77804,Adios Amigo
133757,The Happening
221610,The Swamp
189755,Camping
127110,Digging for Fire
164338,Final Draft
255665,1001 Nights
186599,Keep the Change
273675,White Hot: The Rise & Fall of Abercrombie & Fitch
114244,"Riot Club, The"
33912,"Unmarried Woman, An"
51540,Zodiac
197643,Big Ben: Ben Webster in Europe
271182,Take and Run
26467,"Day After, The"
260953,Slap Happy Lion
53857,Alan & Naomi
216428,Naseem
195259,Be Afraid
52448,Goya's Ghosts
77788,"Good Heart, The"
41824,Address Unknown
121451,Will
130066,Camille Rewinds
56095,XXY
133533,The Long Day's Dying
290579,Predators: Moments of Extraction
163799,Salam Neighbor
132741,The Hunt for Eagle One: Crash Point
1123,"Perfect Candidate, A"
246526,Waitresses Wanted
132486,The Liberator
104019,Blood Shot
137186,A Simple Curve
59074,"Thief Who Came to Dinner, The"
254724,The Many Saints of Newark
225187,Joan of Arc
200306,Booksmart
295763,Society of the Snow
259689,The Gravedigger’s Wife
99790,Sinners and Saints
189389,El profesor patagónico
246688,Sea Wolf: The Pirate's Curse
271779,Island Fishermen
197129,Kaala
123943,Shun Li and the Poet
155346,Nick Carter va tout casser
296759,Lost Phoenix
190013,Women Kingdom
267708,The Sacred Spirit
144062,Junun
162650,Cold War 2
233453,Dolphins
154784,Darkness
289259,Take a Chance
223514,Bold Native
170149,Blackjack
289913,Snow
228945,Rise of the Footsoldier 3
166534,Split
295173,Santa Games
263515,How He Missed His Train
91991,First Family
233621,The Bureaucracy Monster
256941,Misha and the Wolves
196691,Rabarber
27212,Essex Boys
101904,Happy
225363,Something New
268830,Waiting for Godot
79029,Kurt Cobain About a Son
297705,Kalle Stropp och Grodan Boll
205176,Future Shock
8579,"Scarlet and the Black, The"
102231,Dragon (Wu Xia)
160567,Mike & Dave Need Wedding Dates
163533,I'll Sleep When I'm Dead
201042,A Date with Miss Fortune
3660,Puppet Master
271369,And Just Like That… The Documentary
239994,The Trackers
204772,The Doors: Mr. Mojo Risin' - The Story of LA Woman
143311,Get Santa
152326,Freddie as F.R.O.7.
241828,Cocoon
84836,"Spiders, Part 2: The Diamond Ship, The (Die Spinnen, 2. Teil - Das Brillantenschiff)"
235267,Maison du Bonheur
178547,Point of Origin
33988,Twenty Bucks
283667,Monsters Crash the Pajama Party
211309,Tomb of Terror
172635,Little Forest: Summer/Autumn
198247,A Flea Market Documentary
238030,Love Has Many Faces
169210,A Good Wife
161121,The King of the Kickboxers
162988,Ajin: Demi-Human - Compel
132826,Sweden: Heaven and Hell
174477,101 Rent Boys
277362,A Hobo's Christmas
33629,Airborne
249666,American History
142286,The Long Hair of Death
286533,Love Without Fear
165129,What a Wonderful Family!
213614,I Am Jonas
26448,Pelle Svanslös
177335,Dark Rising
90531,Shame
296879,Vinski and the Invisibility Powder
152228,Misconduct
225103,Intersect
146433,Big Love
259107,Something In Common
78251,Friendship!
164987,Drei Mann in einem Boot
118352,In the Shadow of the Machine
155882,Caravans
202717,I Hate Kids
6826,"Shakiest Gun in the West, The"
141450,Thief
268946,The Sacrifice
103233,LEGO Batman: The Movie - DC Heroes Unite
211432,Free Lunch Society: Komm Komm Grundeinkommen
32707,Blue
243652,The Bar Mitzvah Club
257341,The Memory
8808,"Princess Diaries 2: Royal Engagement, The"
280934,By Candlelight
209451,The Chaperone
80748,Alice in Wonderland
162628,Phantom of the Theatre
292761,What Rhymes with Reason
152529,The Garden of Eden
197179,Chaos Walking
209815,The Proud Rebel
84510,Belphecor: Curse of the Mummy (Belphégor - Le fantôme du Louvre)
132100,Graffiti Wars
274789,"Crazy, Rich and Deadly"
113795,"Blast, A"
101362,Olympus Has Fallen
145751,Huie's Sermon
137294,The Life Coach
245154,Ladygrey
4193,"Fantasticks, The"
47465,Tideland
86242,Reykjavik Whale Watching Massacre
141365,Deathline
212375,Fire on the Mountain
237242,Eight for Silver
211331,Josh Kirby... Time Warrior: The Human Pets
148667,John Mulaney: The Comeback Kid
32591,Look at Me (Comme une image)
238570,R.I.A.
248276,The Abduction of Allison Tate
1215,Army of Darkness
154079,Golmaal 3
249694,So Much for So Little
264884,Kitty Kornered
2326,Shattered Image
104996,Table No.21
1509,All Over Me
198435,Big-Hearted Bosko
252170,Penélope
118234,"Party Animal, The"
200682,The Prom
231017,Six: The Mark Unleashed
156135,Isle of Missing Men
138831,Nothing But the Truth
233743,Don't call it love... call it x
5451,Pumpkin
176681,Batman & Harley Quinn
5770,Ms. 45 (a.k.a. Angel of Vengeance)
118880,"Girl Walks Home Alone at Night, A"
129506,Sherlock Holmes and the Masks of Death
246716,"Signed, Sealed, Delivered: The Road Less Traveled"
283941,The Weapon
192861,Corbin Nash
196983,Hello Gangster
237684,Inside the Labyrinth
145279,Monster Dog
44187,"Prince & Me II: The Royal Wedding, The"
180443,Victor Crowley
125922,Gregory Go Boom
292117,The Royal Hotel
146344,Elämältä kaiken sain
192599,Divorce His - Divorce Hers
225703,The Haunting of Borley Rectory
87721,Meat Love
279352,The Last Theft
229025,Hello Brother
288953,The Eyes Have It
129671,Bomber
144312,Fallen City
149588,The PHD Movie 2
205419,RSC Live: King Lear
2214,Number Seventeen (a.k.a. Number 17)
185231,"The Chronicles of Narnia: The Lion, the Witch and the Wardrobe"
160688,From A to B
288023,Flamin' Hot
257471,Bell Bottom
124617,Guns of Diablo
283949,"A Dark, Dark Man"
90598,Radioactive Dreams
187505,Tully
142082,The Nightmare
177519,South of Hell Mountain
230505,Psychosis in Stockholm
288923,Maximum Truth
282417,The Young Arsonists
278566,Eternal Breasts
278038,Do You Do You Saint-Tropez
158043,Soldier Girls
61373,"Woman in Black, The"
222089,A Majestic Christmas
282039,Oskars Kleid
155735,Bayonetta: Bloody Fate
90397,"Return of Django (Son of Django) (Figlio di Django, Il)"
181571,The Witching
195299,I Used to Be Normal: A Boyband Fangirl Story
175417,Puzzled Love
234039,Noche de reyes
258253,Virgina
7336,"Damned, The (La Caduta degli dei)"
201294,Homecoming
189213,DJ: Duvvada Jagannadham
257657,Peanuts in Space: Secrets of Apollo 10
159419,A Violent Prosecutor
292833,Amityville Death Toilet
131322,Full Confession
185439,The Rachel Divide
150610,Der böse Onkel
2302,My Cousin Vinny
124129,Menno's Mind
202403,Ex-Patriot
9018,Control Room
125137,Perfect Understanding
176343,A Movie Life
242312,The Mimic
293453,And the Spring Comes
221446,Suzi Q
240778,Invincible
174825,Jessi's Girls
151048,The Devil and the Ten Commandments
41712,"Room for Romeo Brass, A"
182943,Little Houdini
6181,"Red Badge of Courage, The"
139533,The Secret Village
176611,Sweaty Betty
160352,Dark Moon Rising
190151,Dark Buildings (A Crack in the Wall)
141313,Tarzan's Hidden Jungle
215577,Behind You
44931,Secrets of a Soul (Geheimnisse einer Seele)
282643,Varisu
149130,The Zohar Secret
223826,The Broken Hearts Gallery
8891,Hear No Evil
56006,Ever Since the World Ended
6427,"Railway Children, The"
6602,Brain Damage
180047,"Runaway, Runaway"
97382,Under the Boardwalk: The Monopoly Story
117452,Tied
214630,The Music of Silence
60143,Oliver Twist
3793,X-Men
146076,Time Please
129947,Melody
172833,Hitler's Kaput!
5907,Medea
183347,Dragnet
251672,A Christmas Star
114552,"Boxtrolls, The"
260951,Swing Shift Cinderella
190975,Chi m'ha visto
202695,Secrets of Henry VIII's Palace: Hampton Court
46961,Death of a Bureaucrat (La muerte de un burócrata)
140293,Mobile Suit Gundam II: Soldiers of Sorrow
223404,Ballbuster
85007,Happythankyoumoreplease
215157,Party
186617,Camera
278742,The House of the Lost on the Cape
268808,A Ballad of Love
162774,Hieronymus Bosch: Touched by the Devil
231545,The Dark Divide
226158,Fall Down Dead
214358,Bends
284123,Welcome to the Occult Forest: The Movie
266644,A Choice of Weapons: Inspired by Gordon Parks
275653,"Come, Closer"
108405,Weddings and Babies
166500,The Werewolf of Washington
4188,Hans Christian Andersen
198337,"Crosby, Columbo, and Vallee"
241854,The Long Days of Summer
155131,Rushlights
126405,The Adventures of André and Wally B.
179981,The Veil
161402,Fear Chamber
283577,Past Lives
170643,The Devotion of Suspect X
233311,The Robber Bride
260629,People Who Do Noise
171961,For a Few Bullets
202479,Assimilate
211580,A Bear Named Winnie
134469,I'm Photogenic
57754,Bamako
196505,Charlie and Hannah's Grand Night Out
229651,Common Denominator
238070,Eva über Bord
147304,Iblard Jikan
124406,Man Wanted
130596,Joe Hill
180437,Dead Shack
243306,I Ain't Scared of You: A Tribute to Bernie Mac
86548,Water for Elephants
173093,Father Frost
116034,Children of the Corn: Genesis
2712,Eyes Wide Shut
264123,Banana in a Nutshell
113618,All the Way Home
154992,Love & Passion
137060,The Tenth Circle
121455,Tim
72022,"Cuenca Crime, The (Crimen de Cuenca, El)"
192845,Ecstasy
289003,Glitch: The Rise & Fall of HQ Trivia
232863,Agent X-77 Orders to Kill
120751,Home of the Brave
182799,She's a Sheik
116485,The Skinny
119808,Arizona Colt Returns
137561,Saturn in Opposition
278978,Beneath the Black Veil
285477,The Complete Walk: Love's Labour's Lost
135629,This is Sodom
165147,45365
271018,Nature's Half Acre
184153,The Killing Pact
95021,Outer Space
132024,Ghost Chase
147742,A Son's First Step. A Mother's Second Chance.
282563,Boys Briefs 2
264089,The First Auto
184687,Muse
273935,Humko Tumse Pyaar Hai
177861,Two People
153246,Flower & Snake
6473,Half Moon Street
173387,The Who & Special Guests Live at the Royal Albert Hall
190881,The Boss
268904,August the First
241412,Laser Moon
168316,Jet Boy
251464,¡Hay motivo!
286015,Bholaa
96669,Stag Night
296127,The Rescue: The Weight of the World
218399,The Daredevils
6848,Kingdom of the Spiders
144244,Valerie
3256,Patriot Games
235655,Alien Girl
271611,Hathi
204292,Aaliyah: The Princess of R&B
153945,Skull Forest
7185,Real Men
229825,Who's That Knocking At My Door?
33823,"Bridge of San Luis Rey, The"
276993,Kumbha Mela
1391,Mars Attacks!
63446,"Christmas Tale, A (Un conte de Noël)"
235111,I Need You to Kill
182065,Beach Picnic
224973,The Sign of the Ram
69706,Mumia Abu-Jamal: A Case for Reasonable Doubt?
186767,"Well, Come On, Smile"
243026,Peaches
143777,Dirty Weekend
264245,The Adventures of Young Indiana Jones: Spring Break Adventure
280886,Rising Tones Cross
219368,The Sound of Music Live!
178931,The Golden Demon
99787,"Haunted House, A"
149558,The Bachelor Father
200844,Feng Shui
108692,Yu-Gi-Oh!
157540,The Boob Tube Strikes Again!
221522,Diving
221931,Six Assassins
161550,The Dark Eyes of London
157567,Naanum Rowdydhaan
154396,Otto er et næsehorn
31413,"White Sound, The (Das weiße Rauschen)"
155699,Here We Go Round the Mulberry Bush
158155,Dark Secrets: Inside Bohemian Grove
147138,Robbery at 3 O'clock
164582,Moonlight Express
3642,In Old California
131612,An American Summer
122308,Ricky Gervais: Out of England - The Stand-Up Special
170209,From Straight A's to XXX
196461,Once Upon a Girl
218439,The Tag-Along 2
278958,Arzt mit Nebenwirkung
216109,Заборонений
246326,Operation Repo: The Movie
188995,Over the Fence
218347,Rendez-vous chez les Malawas
244460,The Toll
239568,The Disappearance of Kevin Johnson
117332,Wrestling Queens
230957,The House of Screaming Death
250938,Goliath 96
7100,CrissCross
118924,Top Five
185807,Naomi
27904,"Scanner Darkly, A"
207792,Two Days in October
185991,The Devil and Father Amorth
278332,If You Love This Planet
249430,Fortuna
253814,White on White
150684,Schoolgirl Hitchhikers
283555,Johan Falk: Tyst diplomati
170205,Epoch
271206,Quo Vadis?
187513,Coming Home
199065,Synonyms
281238,Arthur's Perfect Christmas
155444,Five Shaolin Masters
170419,Sudden Death
31309,Rocco and His Brothers (Rocco e i suoi fratelli)
204122,This Old Machine
105325,Bad Milo (Bad Milo!)
133610,The City Tramp
62474,Adios Sabata
230255,Mystics
221588,The Go-Go's
195757,The Possession of Hannah Grace
176501,Curling King
237025,Three Husbands
209941,Issaq
134122,Voyage to the Planet of Prehistoric Women
207097,Veslemøy's Song
220910,You Should Meet My Son! 2
226510,ChromiumBlue.com
206869,Port Authority
109812,Romance in a Minor Key (Romanze in Moll)
275305,Snipers
44800,Fragile
2452,"Gate II: Trespassers, The"
185429,Sun Dogs
80763,Saint John of Las Vegas
55205,Interview
8800,Code 46
243856,What Will Summer Bring
203675,Adam and Eve
211666,Cow
205893,The Painted Bird
199666,False Hare
7572,Wit
282743,The Worst Witch
184619,EMO the Musical
133231,The Secret Lives of Dorks
44657,Mouchette
4197,Real Life
231019,Parinda
209285,Seaside
169226,Image
168272,Every Second Counts
254482,"Algie, the Miner"
117022,The Fantasist
265784,Nobody's Child
6004,Abraham's Valley (Vale Abraão)
103865,Revenge for Jolly!
198853,Steal Wool
270436,The Woman God Forgot
237171,The Antiquities of Rome
125209,Son of Morning
8841,Seeing Other People
120250,Fort Massacre
117642,Dr. Jekyll and Mr. Hyde
150294,The Forest
123381,"Command, The"
248062,Velvet Hustler
230519,Tango One
131086,The Little Polar Bear: Lars and the Little Tiger
148093,The Republic
130101,Beloved Enemy
152226,Kill Game
147028,Outrage
261295,RFK
298469,Apocalypse Clown
188557,Meesaya Murukku
182223,Mother Goose Melodies
287977,Black Lotus
272665,All Hail
110765,Pulling Strings
194648,Tilt
137650,The Wedding March
121971,Life's a Beach
44124,Every Man for Himself (Slow Motion) (Sauve qui peut (la vie))
221532,Angrezi Mein Kehte Hain
278204,Gorący czwartek
91622,Young Adult
240342,The Apple Pushers
279808,The Grab
145674,Seven Vengeful Women
126409,The Harmony Game
240236,32 Weeks
207155,The Love of Jeanne Ney
151637,Soulmate
185361,Amazons and Gladiators
229785,A Father for Charlie
230551,Haunted School: The Curse of the Word Spirit
78270,May Fools (Milou en mai)
205471,Inna de Yard
177165,Black Dragon's Revenge
2823,"Spiders Part 1: The Golden Lake, The (Die Spinnen, 1. Teil: Der Goldene See)"
186869,Axis
110412,NATO's Secret Armies (Gladio: L'esercito segreto della Nato)
287993,A Year in the Ice: The Arctic Drift
205413,The Laurel-Hardy Murder Case
242428,Stripped
121469,Killer Movie
246276,Photo
270244,El astronauta
31112,Freedomfighters (Libertarias)
152489,Don King: Only in America
71201,Return Of The Ghostbusters
72514,Straight from the Barrio (Talento de barrio)
83359,"Play House, The"
276185,What Love Sees
188711,Surviving Family
194602,Dying to Survive
104103,Miss You Can Do It
26849,"Stand, The"
138732,Four Rode Out
120084,Final Justice
299957,Unfrosted
116289,Crime and Punishment
215851,Diamonds of Kilimandjaro
186541,My Days of Mercy
296775,Bigfoot vs Krampus
138522,Bail Out
59912,My Brother Is an Only Child (Mio fratello è figlio unico)
207361,Boro in the Box
280100,The Guardians of the Galaxy Holiday Special
8777,Roadkill (a.k.a. Roadkill: Move or Die)
1061,Sleepers
281722,Heart of the Gun
186855,The Angel Was Born
130978,Love and Pigeons
113244,When I Walk
195579,Dominika
132942,Captive Wild Woman
52913,Sylvia Scarlett
204176,Return to Horror Hotel
51357,Citizen X
223950,Cargo
276597,Spin Me Round
290411,Problemista
294617,Tropic of Cancer
264466,Dogtanian and the Three Muskehounds
137381,The George McKenna Story
281892,A Little Prayer
58439,Downhill Racer
25854,Intermezzo
90116,"One Potato, Two Potato"
2505,8MM
239520,Sand
211217,The Holly and the Ivy
131178,The Mystery of Happiness
26249,They Call Me Trinity
83193,Early Spring (Soshun)
230777,Der Tourist
281420,The Redeemers
181633,Bruno & Boots: This Can't Be Happening at Macdonald Hall
213766,Mymra
163813,Going Down in Morocco
223708,The Story of Little Mook
251628,Before I Hang
187381,Strangler vs Strangler
241022,The Mundo King
92938,Ghost Rider: Spirit of Vengeance
200246,People of the Po Valley
127726,Daughters of Satan
88448,Paper Birds (Pájaros de papel)
88925,Soloalbum
174069,No One Will Play with Me
234747,Neither the Sea Nor the Sand
202109,"Simon, King of the Witches"
148820,Inbred
230297,Beautiful New Bay Area Project
86550,Love & Savagery
4365,Pavilion of Women
118023,Orders to Kill
212565,Cities of Last Things
246286,The Wolf of the West Coast
118794,Lenny Bruce: Without Tears
291318,The Legend of Till
133579,Addicted
230873,The Elephant In The Room
25785,"Land Without Bread (Hurdes, tierra sin pan, Las)"
4628,New York Stories
271663,Rebel Dread
245284,Peace on Earth
275763,It Is in Us All
161494,Murder Story
168096,The Rider Named Death
85686,Breathing Room
48700,Marie Antoinette
3094,Maurice
64921,Arabian Nights
248942,Building Empire: A Filmumentary
180915,Specter of the Rose
173713,Parsifal
263775,Rocketman: Mad Mike's Mission to Prove the Flat Earth
185575,Our Own
109321,"Painting, The (Tableau, Le)"
2953,Home Alone 2: Lost in New York
126781,Our Sunhi
249114,Pale Blue Moon
252812,Miraculous World: Shanghai – The Legend of Ladydragon
138412,Cha cha cha
298181,Paradise Is Burning
211151,Old Cats
2525,Alligator
231903,The Light Between Us
217917,I'm No Longer Here
8332,Sunday Bloody Sunday
145164,Ants
277030,Intimacies
275843,Gladiatress
126510,Paris-Manhattan
72923,Shaolin Kung Fu Mystagogue (Da mo mi zong)
191123,Dark Harvest
188139,Leo Da Vinci: Mission Mona Lisa
181023,The Great Hip Hop Hoax
254156,Zatch Bell! Attack of Mechavulcan
282111,Les prédateurs
6768,Luther
295531,All About Love
119216,Goodbye to All That
226280,PG (Psycho Goreman)
85275,Uncounted: The New Math of American Elections
204734,Anna e Yusef
147512,McBain
7841,Children of Dune
245950,A Christmas Carol
242910,Shoplifters of the World
101730,Business as Usual
101715,Loaded
240414,The Night
79333,Watch Out for the Automobile (Beregis avtomobilya)
272017,Fishing for Love
121767,"See You Tomorrow, Everyone"
177253,JL Family Ranch
105731,Carrie
159411,KISS Rocks Vegas
268836,Timur and His Team
170453,Carnage: Swallowing the Past
97724,"Glamorous Life of Sachiko Hanai, The (Hatsujô kateikyôshi: sensei no aijiru)"
241466,The Great Fortune
219509,Kroll
138968,The Kreutzer Sonata
187109,Tremors: A Cold Day in Hell
271649,Reach for the SKY
72910,King of the Children (Hai zi wang)
165987,You're in the Navy Now
59180,Tarzan Finds a Son!
150860,Flag Wars
225962,Cesare Zavattini
39435,"Legend of Zorro, The"
272621,Promise of Pisa
222302,"Charles, Dead or Alive"
130269,The Hollow
136690,Wild in Blue
54542,Command Decision
173705,Heroes
93270,Project X
112060,One on One
209993,LKG
178079,Anand
126931,Girl with Hyacinths
241852,When Every Day Was the Fourth of July
171177,George Carlin - On Location at USC
163769,Our Tropical Island
102798,"Devil's Carnival, The"
182403,The Whiskey Bandit
233307,An Old Fashioned Thanksgiving
141216,Pregnancy Pact
193487,Entre ríos: todo lo que no dijimos
151653,Welcome to Happiness
254214,Midnight in the Switchgrass
296943,Kendra and Beth
168850,Enemy Empire
203487,Age of Panic
172031,Dr. Monica
4882,Ouch (Aïe)
27436,Mockingbird Don't Sing
278864,Under Antarctic Ice
5722,"Goat, The (a.k.a. Knock On Wood) (Chèvre, La)"
45501,"Break-Up, The"
150258,Jane Got a Gun
260781,Bitchin': The Sound and Fury of Rick James
54872,Keoma
269908,Farewell to the Planet of the Apes
139092,"Run, Ricky Run"
226310,Oliver Sacks: His Own Life
148478,Monkey King: Hero Is Back
113767,Cantinflas
116748,Deadline
256329,Eye Without a Face
236489,Discovering William Greaves
240466,Retreat to Paradise
208279,"Mayflower, Quiltshoe & The Rubens Brothers"
160247,Manslaughter
274233,Fanatyk
158145,Superstar: The Life and Times of Andy Warhol
158801,The Confrontation
186141,Dumb Criminals: The Movie
294953,Peter & the Wolf
130202,Five Days
236567,The Trouble with Women
184443,Red Eye
200374,Grilled
123673,The Rose Garden
258453,Olsen Gang Gets Polished
234480,Underbelly Files: Tell Them Lucifer Was Here
2420,"Karate Kid, The"
205016,Reshala
187605,Kryptonite!
119065,Scooby-Doo! and the Witch's Ghost
258011,Pelli Pandiri
169996,The Other Half
242894,Godzilla vs. Kong
71322,Forbidden Fruit (Kielletty hedelmä)
156489,Mr. Hex
131986,Getting It On
182733,The Dance Exponents: Why Does Love?
279430,The Visitor
118252,All Cheerleaders Die
107460,La guerre des tuques
93693,Casa de mi Padre
209131,Last Days of the Arctic
160670,The Black Angels
295465,Charley's Aunt
60314,Cheyenne Autumn
257151,The Princess and the Barrio Boy
213944,Strange Horizons
202179,Trick or Treats
185903,La Barracuda
294847,Diplomatic Immunity
209709,Rise of the Footsoldier 4: Marbella
276509,City of Lost Souls
80500,Fear Me Not (Den du frygter)
4945,"Enforcer, The"
273437,"For Better, for Worse"
285353,The Bare-Footed Kid
218505,Outback
124222,Salute to the Marines
275347,Rejsen til isens indre
269756,Gladiator Cop
150608,Ellis
289239,Mila
299055,Summertime Switch
216617,Daddy
136473,Love at First Hiccough
216859,Inheritance
53574,"TV Set, The"
157019,Should Ladies Behave
277688,MC-Helper 3
207053,The Trap
147603,The Red Inn
133913,Bulldog Jack
201769,Policeman's Diary
294373,Redeemer
134093,Short Stories
6013,Kangaroo Jack
246456,Robotech: Love Live Alive
226988,A Scent of Paradise
208062,Are You in the House Alone?
32153,Once Upon a Forest
300353,Dragonkeeper
797,"Old Lady Who Walked in the Sea, The (Vieille qui marchait dans la mer, La)"
130004,Girls' School
152421,Expresso Bongo
260045,The Promising Boy
73413,My One and Only
118468,Mei and the Kittenbus
228345,The Yesterday Machine
160201,La pazza gioia
132628,Pilot Error
220344,From Zero to I Love You
107704,Justin Bieber's Believe
223772,The Phoenix
269152,Pil's Adventures
107669,Our Little Differences (Die feinen Unterschiede)
275661,X Game
216386,Meurtres en Lorraine
201522,Mackie Messer - Brechts Dreigroschenfilm
220438,Bhonsle
2292,Overnight Delivery
118993,Sailors On Deck
3234,Train Ride to Hollywood
272647,Connor McDavid: Whatever it Takes
244880,Handsome Poor Bilo
70293,Julie & Julia
5094,Rollerball
140539,Pauvre Pierrot
6436,This Boy's Life
54612,Resurrecting the Champ
267048,Christmas in the Pines
201246,Abgeschnitten
139938,Brancaleone alle crociate
241478,Dante's Lunch
158581,My Beloved Bodyguard
144206,Standing Tall
292031,Do Not Disturb
225521,Radeau avec baigneurs
111657,"One and Only, The"
125970,Halloweentown
163777,Light Years
163545,Dark August
266634,Tú eres mi problema
286249,Five Branded Women
119898,Class of '61
80792,Southbounders
5492,Fathom
122817,The Tooth Fairy
4517,Lady in White (a.k.a. The Mystery of the Lady in White)
213379,Los hongos
60141,St. Trinian's
27235,"Shrink Is In, The"
25926,Shoeshine (Sciuscià)
107293,Another Language
270214,Detours
194831,Killer Kate!
7842,Dune
264095,Surviving the Outback
133883,Suzanne
253804,Evil Woman
231879,Close Encounters with Vilmos Zsigmond
96851,Guilty Hearts
59960,Warlock
152258,In the Shadow of Women
2412,Rocky V
219768,This Love of Mine
203998,Appuram Bengal Ippuram Thiruvithamkoor
69027,OSS 117 - Lost in Rio (OSS 117: Rio ne répond plus)
146082,Yedyanchi Jatra
5219,Resident Evil
299709,"Hispanoamérica, canto de vida y esperanza"
224875,DTF
227875,What the Constitution Means to Me
8571,Bob & Carol & Ted & Alice
287371,Days of Hate
280352,Unicorn Wars
226606,The Property Man
146234,Raja Hindustani
155153,Pray For Death
263939,The Eves
177763,Murder on the Orient Express
153076,Three Days
164202,Journey to the Seventh Planet
159829,Toad Road
296675,The Last Year of Darkness
290063,Tiffany Haddish: Black Mitzvah
169142,The Most Beautiful Night In The World
283011,Memories of Tomorrow
136257,Avengers Grimm
280092,Scum
123506,High Barbaree
954,Mr. Smith Goes to Washington
193065,Roma
164875,De hel van '63
162074,The Yin and the Yang of Mr. Go
200604,Carmen and Lola
31042,Hell's Angels
225445,Seventh Floor
95738,"Adventures of Mary-Kate and Ashley, The: The Case of the Christmas Caper"
240724,Sator
100266,Day Is Done
287433,Dawn
52956,One Nite In Mongkok (Wong gok hak yau)
264388,Delicacies of Molten Horror Synapse
206971,Inside the Living Body
286297,Aldebaran
7012,Mr. Destiny
212030,A Night with the Stars
245874,Alarmoty in the Land of Fire
232753,Valparaiso My Love
185221,Pavilion
150116,Furia à Bahia pour O.S.S 117
277818,Be Prepared
239824,The Oxbow Cure
148365,Eddie Izzard: Unrepeatable
233945,RiverBlue
207644,Stupid Young Heart
237187,"Fanchon, the Cricket"
80590,Wall Street: Money Never Sleeps
99665,L'homme qui rit
86860,Black Fury
234897,Mackintosh and T.J.
161814,VeggieTales: Lord of the Beans
120940,The Hire: Ambush
101188,Central Park
120921,Miss Zombie
290153,MR-9: Do or Die
242912,The Serpent
219872,Farewell Mr. Kringle
3025,Rough Night in Jericho
69442,Pekka ja Pätkä neekereinä
107879,Voyage to the Prehistoric Planet
160293,Curse of the Faceless Man
6052,"Horse in the Gray Flannel Suit, The"
218353,Manson
5124,Town Without Pity
216531,Dear Dakanda
282973,Safe Place
160596,Les Tuche 2 : Le Rêve Américain
269234,Resurrection
169524,Saint Seiya: The Heated Battle of the Gods
260229,I Shall Not Be Removed: The Life of Marlon Riggs
137885,Duck in Orange Sauce
130277,They Rode West
1004,"Glimmer Man, The"
156940,Girl on the Edge
90011,Wrestling (Bræðrabylta)
33229,"Angry Silence, The"
155874,Love & Friendship
144362,The Unjust
171693,An Ox's Tale: The John Entwistle Story
121196,Nothing Left to Fear
104506,Sparrows Dance
206843,Intermissions
122433,The Deadly Bees
97752,Cloud Atlas
164280,Endless Poetry
133661,Angels Die Hard
216424,La hermandad
229015,Dhenikaina Ready
133281,Ricki and the Flash
124603,Eldorado
128391,Destruction Force
293133,Milisuthando
180427,Thumper
192437,Red Peony Gambler: Flower Cards Match
1594,In the Company of Men
108860,"Perils of Gwendoline in the Land of the Yik Yak, The"
241786,...So Goes the Nation
91970,The Man Next Door
192027,The Seagull
102908,"Dangerous Place, A"
163012,The Manipulator
65614,Island in the Sun
250154,Down to the Dirt
79281,Windy Day (Tuulinen päivä)
78739,One of Our Aircraft Is Missing
76293,Date Night
146441,Cinema: A Public Affair
232167,The Gorilla
208755,Shoot First… Ask Questions Later
196225,Talking Head
249284,Strawberry Fields
277278,Wedding Season
155368,Bleeding Heart
165597,Hayabusa: The Long Voyage Home
260695,Kalakalappu
5274,Bar Girls
216063,Unhinged
209587,Square One
227128,Before Women Had Wings
152850,Pitbull
247016,A Fighting Season
2791,Airplane!
277390,"Kinsenas, Katapusan"
251176,Pacino is Missing
184963,Taking Flight
253722,First Date
136038,Christmas Vacation '91
147172,No Way Back
272451,The Greatest Inheritance
276625,5150 Mall Cop
174701,Ava
267590,A Cape Cod Christmas
291355,Terrorist
283843,Scaffold
200028,Fun Size Horror: Volume One
116937,My Gun is Quick
136654,The Face of an Angel
272035,Help Me I'm Dying
173321,Maksim Perepelitsa
89780,Sherlock Holmes
102682,Livid (Livide)
253678,The Tear of the Cold
180733,Three Waltzes
277462,Umut
3901,Duets
57418,"Rachel, Rachel"
257297,Black Swarm
80825,Shadows (Senki)
112907,"Villain, The (Ek Villain)"
284725,Drought
221478,Open Cage
132157,Paul Blart: Mall Cop 2
36373,Comrades: Almost a Love Story (Tian mi mi)
2128,Safe Men
194532,He's Out There
102039,"Taming of the Shrew, The"
162262,Locked Down
267024,Misty
143247,If You Build It
121887,The Innocents
147266,The Brides Are Coming
134115,Waiting for Godot
177343,Valley of Bones
94150,Hysteria
130120,Mr. Ricco
216473,Cracked Up: The Darrell Hammond Story
155852,Wavemakers
152848,Pitbull. New Order
1023,Winnie the Pooh and the Blustery Day
110441,Viva Knievel!
175457,The Groom
183091,Romans
110114,Kill Me Now
88005,Laws of Gravity
239844,Marvel Studios: Expanding the Universe
269668,Trust Me
107481,Free Style
251,"Hunted, The"
78679,"Killer Inside Me, The"
280158,The Milky Life
243530,Hot Chicks
181705,National Theatre Live: Hamlet
195195,The Badger Game
2724,Runaway Bride
5077,Cousins
296403,Mast Mein Rehne Ka
5023,"Waterdance, The"
231849,Cuando el cuerno suena
143575,Fuga de cerebros 2
184295,London Heist
119226,Nicholas on Holiday
100467,"Pink Jungle, The"
138016,Silent Witness
99908,Typhoon (Tae-poong)
116547,Soldier of Fortune
185931,Saint Clara
7568,Love Life
158715,The One Warrior
247552,The Way of Drama
32724,Ghosts... of the Civil Dead
244172,Blonde
132290,The Outsider
267648,Pushpa: The Rise
109987,Love Simple
248262,This Matter of Marriage
122021,Lady with a Past
263487,Le Pas
187709,All Summers End
175761,Schoolgirl Report Part 2: What Keeps Parents Awake at Night
4783,"Endurance: Shackleton's Legendary Antarctic Expedition, The"
234895,Where Dreams Go To Die
133399,German Angst
4423,"Entertainer, The"
244118,Attack of the Murder Hornets
190291,"Berlin, Schoenhauser Corner"
149858,Blockade
225645,24th Mountain Infantry: Boxing Lesson
201426,The Vice of Hope
210491,The Lady Vampire
133469,Ten Zan - Ultimate Mission
141822,Carnival Night
194088,Marvel Rising: Secret Warriors
249932,Do You Believe in Angels?
171031,Citizen Jane: Battle for the City
200952,Gbomo Gbomo Express
245528,How to Steal the World
167924,Eddie Griffin: You Can Tell 'Em I Said It
3574,Carnosaur 3: Primal Species
241554,'Til Kingdom Come
164322,Secret World
137597,The Whistle-Blower
149112,The Accidental Detective
94429,"Swell Season, The"
248402,Sustainable
214808,Hotel Transylvania: Puppy!
240870,Native Son
117541,Home Sweet Home
139495,Going By The Book
199530,Moron Movies
79539,Here and There (Tamo i ovde)
98294,Tokio Baby
237173,Spacejacked
288857,The Pod Generation
280718,Mazzaropi - Fuzileiro do Amor
242706,Sin
192837,One Million Yen Girl
295533,Cyberbunker: The Criminal Underworld
131562,Time to Love
187067,Super Troopers 2
25843,"Big Broadcast of 1938, The"
8487,Please Don't Eat the Daisies
246600,The Menace
195609,Kingdom of Felony
298523,The Kamasutra Garden
245680,New Women
84972,God on Trial
273085,La bostella
106863,Concrete Night (Betoniyö)
244082,Christmas Rush
134178,Detective Byomkesh Bakshy
161798,VeggieTales: Josh and the Big Wall
239418,Liverpool FC: The 30 Year Wait
269438,To the End
170123,An Elephant Can Be Extremely Deceptive
134182,Holiday
137932,"Colpo grosso, grossissimo...anzi probabile"
130284,Big and Little Wong Tin Bar
7131,"Summer Place, A"
108590,Full Eclipse
31660,Steamboy (Suchîmubôi)
245220,Rancid
122567,In The Dark
82420,Pray the Devil Back to Hell
1981,Friday the 13th Part VIII: Jason Takes Manhattan
210603,Les vauriens
248492,Secret Lives of Husbands and Wives
95506,Extraterrestrial (Extraterrestre)
72013,David Copperfield
52831,Maniac Cop
27815,"Chorus, The (Choristes, Les)"
233143,Doomsday Device
281052,The Ambush
152689,Mastizaade
236067,The Fire Rises: The Creation and Impact of The Dark Knight Trilogy
259807,The Blood of Others
123097,Hotel
96304,Hara-Kiri: Death of a Samurai
200800,An Exercise in Discipline: Peel
193295,Hurricane
132965,Appropriate Behaviour
202980,Twisted Romance
198219,New Year's Day
153534,"Gore, Quebec"
263397,Grave Intentions
285575,The Best is Yet to Come
196639,Blind Spot
778,Trainspotting
174673,Suddenly in the Dark
197635,The Blind Child
8264,Grey Gardens
280388,Last Summer
247612,Marriage
224613,I Am Woman
268282,A Great American Tragedy
238770,Elipsis
32497,Love Letter
3050,Light It Up
296369,"One Second Ahead, One Second Behind"
130422,Hell Is a City
282441,Bewitching Kisses
260835,O Homem que Parou o Tempo
297839,Einstein and the Bomb
286855,Don't Blame Karma!
219414,Think Like a Dog
60992,"Moment to Remember, A (Nae meorisokui jiwoogae)"
221538,Redlands
298977,The Empty Screen
295267,Ahista Ahista
164651,The Nightingale
153242,Gypo
271383,NY Prison Break: The Seduction of Joyce Mitchell
234468,Youth - Part II
278804,Moving On
134103,Blackbird
89285,Keep Walking (Camminacammina)
87008,Outcast of the Islands
262661,Het gezin van Paemel
274705,When Brooklyn Met Seville
122805,Piranha
7320,Dirty Dancing: Havana Nights
4943,At the Earth's Core
157176,A Storm in the Stars
134877,Girls Are for Loving
103286,Shark Alarm at Müggelsee (Hai Alarm am Müggelsee)
110276,By the Pricking of My Thumbs (Mon petit doigt m'a dit...)
190263,The Redemption of the Devil
252414,Howard Lovecraft & the Undersea Kingdom
61317,Feed
283557,Johan Falk: Ur askan i elden
205607,Miracle of Giving Fool
75940,"Seventh Veil, The"
271226,Big Gold Brick
116447,Dark of the Sun
94953,Wanderlust
290733,Heinrich
32988,Clean
295543,The Baby Formula
264426,King Solomon's Treasure
260087,Paracelsus
228009,Interviewing Monsters and Bigfoot
212303,The Assistant
297149,Miller's Girl
226468,Second Chances
241268,A Postcard from Pyongyang
98491,Paperman
164929,Air Mater
213786,Azureus Rising
125417,Stars and Stripes Forever
182651,Blood Mania
134875,The Abductors
228375,Harmony
122043,The Haunting Hour: Don't Think About It
121005,The Nautical Chart
276095,"Queer China, 'Comrade' China"
279934,Smoking Causes Coughing
4521,Little Nikita
268974,Soldiers. Story from Ferentari
120430,Gang in Blue
125119,Johnny Cool
177609,We Are Mountains
115907,"Crew, The"
227310,Orbis Pictus
297593,Somewhere Quiet
56026,5ive Girls
199109,My Hindu Friend
116738,DeadHeads
224929,Kalavani
87300,Eyes of the Mothman
187735,Waste Land
137618,The Flesh
296117,Checkin' It Twice
79111,"Front Line, The"
71357,Turn Left at the End of the World (Sof Ha'Olam Smola)
222151,Le syndrome du Titanic
195577,20 30 40
155645,The Giant Behemoth
232135,Happy Days
125407,Only The Brave
141412,We Come as Friends
277007,Tapas
93707,Prom Queen: The Marc Hall Story
112931,Villa Amalia
101197,"Inheritance, The (Karami-ai)"
239282,Stockholm Boogie
245538,In the Weeds
163831,Crossed Swords
188551,Dhuruvangal Pathinaaru
79424,"Name for Evil, A"
172777,Drive
180009,Searchers 2.0
179351,Sans rancune !
224955,Lost Boys
275745,Mange ta soupe
172051,Moonlight in Vermont
281528,Scrooge: A Christmas Carol
175887,"Jesus, You Know"
98313,Half a Hero
3982,What's Cooking?
106132,Battle at Bloody Beach
211838,Being Caribou
127154,The Mask You Live In
105308,Scanners II: The New Order
165977,Behind the Make-Up
258137,Saawan
283619,Wallander 13 - The Secret
124907,The Outlaws Is Coming
215167,The Real Macaw
291397,O Saathiya
208639,The Village in the Woods
107658,Mio in the Land of Faraway (Mio min Mio)
84017,2012: Time for Change
178907,Blade Runner: Black Out 2022
218055,Be Water
291274,Mrs. Washington Goes to Smith
278716,Performances
110601,"Cosmic Monster, The"
118258,It's a Wonderful Afterlife
94784,Olympian Holiday (Loma)
3795,"Five Senses, The"
123063,Sankofa
206609,Cape of the North
6205,Mr. North
149068,The Battle Wizard
299887,We Dive at Dawn
212160,Attenborough and the Giant Dinosaur
261581,Sons of Matthew
252858,Feel the Motion
109539,Bill Bellamy: Crazy Sexy Dirty
221524,"Come Rain, Come Shine"
255863,Standoff
206859,Jimi Hendrix: Electric Ladyland
89728,Men Without Wings (Muzi bez krídel)
146305,Princes and Princesses
189215,Finding Momo
173501,I am Jane Doe
174067,Handicapped Future
4152,Vatel
122379,Mandela
225275,The Iris Effect
136319,The Mad Butcher
249704,Intimate Stranger
288609,Flying Phantom Ship
107426,Demons 2 (Dèmoni 2... l'incubo ritorna)
237986,Zombies: A Living History
266242,All About Asado
56626,Robin Hood
84148,Five
111031,Manufacturing Reality: Slavoj Zizek and the Reality of the Virtual (Slavoj Zizek: The Reality of the Virtual)
152017,Me Before You
252286,Seance
99937,Outpost: Black Sun
251064,Journey to Royal: A WWII Rescue Mission
249124,Matt's Chance
71840,"Flame and the Arrow, The"
294141,For His Son
235215,Yesterday's Target
256843,Bloomfield
55851,Crazy Love
133925,Bulldog Drummond's Revenge
241300,Crossing a Shadow
7325,Starsky & Hutch
121681,Women in the Wind
250604,Upswept Hare
271969,Heart Shot
216611,American Circumcision
6430,Ziggy Stardust and the Spiders from Mars
168056,Lucky Girl
141058,Manjhi The Mountain Man
205659,"São Paulo, Sociedade Anônima"
121636,Unashamed
203659,Edge of Isolation
135107,Camping
170755,Small Town Killers
116339,Cynthia
193123,Death Laid an Egg
178247,Message From Hiroshima
168248,John Wick: Chapter Two
25996,"Star Is Born, A"
253238,The Ten-Year Lunch
214700,The Beast
217771,Bad Therapy
243880,The Invisible Man Appears
93420,"Art of Flight, The"
229491,Mael Totey: The Movie
164465,What Changed Charley Farthing?
97921,Silver Linings Playbook
108158,Penguin Pool Murder
2323,"Cruise, The"
77985,Father and Son (Otets i syn)
254626,My Brother's Keeper
196215,Rabbit's Feat
243030,Heart
105408,"Cadaver Christmas, A"
237812,HERO Inspired by the Extraordinary Life & Times of Mr. Ulric Cross
135947,Killer Tomatoes Eat France!
44399,"Shaggy Dog, The"
81700,Ten Skies
79207,Fear City
257777,CKY 3
140088,Remembrance
91752,Pokemon: The Movie 2000
261185,Outrage at Valdez
216454,We Belong Together
175169,Rumble: The Indians Who Rocked the World
271363,Brimstone Incorporated
203942,The Watchers: Beginning
256421,Life of Lemon
184905,Manolo: The Boy Who Made Shoes for Lizards
289873,The Bridge
172949,Guns on the Clackamas
167796,Lace Crater
240264,The Hand That Feeds
289309,Johnny Cash: The Redemption of an American Icon
257415,Out Of My League
129711,Too Many Ways to Be No. 1
49973,Children Shouldn't Play with Dead Things
122523,Treasure Buddies
157017,This Side of Heaven
113604,If I Stay
120214,Flirtation Walk
152575,"Butcher, Baker, Nightmare Maker"
96629,Deathstalker
205377,Jo Koy: Live from Seattle
27357,Old Men in New Cars (Gamle mænd i nye biler)
139909,Russian Terminator
270164,Baelin's Route: An Epic NPC Man Adventure
64288,Ace of Hearts
220622,Gallego
183743,Khalif The Stork
132534,Finding Gaston
295307,The Carrot Queen
281790,Recep İvedik 7
3959,"Time Machine, The"
263269,How to Seduce a Virgin
174933,Firebase
125037,The Gay Sisters
282413,Unidentified Objects
119174,Under the Age
132416,Laura's Star
204058,Cyber Bandits
169388,Missing
297193,Layover
112221,"Tell Me That You Love Me, Junie Moon"
162392,Love's Everlasting Courage
287279,Buccaneer Soul
257015,An Impossible Project
148020,Air Cadet
266712,Hope For The Holidays
1873,"Misérables, Les"
215747,Naples '44
633,Denise Calls Up
276623,Joselito vagabundo
284701,ReBroken
2688,"General's Daughter, The"
157855,Ogni maledetto Natale
277886,Learn to Swim
295305,Sergio Leone: The Italian Who Invented America
286571,Dybbuk
241632,Asur
117484,Fatty and Mabel Adrift
73386,Staten Island
242272,Goya's Skull
276711,The Great Warrior Skanderbeg
136361,Scooby-Doo! Mask of the Blue Falcon
131156,Ants in the Pants 2
300351,3 Days in Malay
208579,Babas bilar
191279,G-Funk
152033,The Cinema Snob Movie
243930,Don't Touch My Daughter
26677,Black Rainbow
106618,My Louisiana Sky
2516,Children of the Corn III
290922,The Green River Killer: Mind of a Monster
211141,Echo
269424,Beate
257989,Tootsies & The Fake
204616,Running on Empty
215489,Z-O-M-B-I-E-S 2
230763,Seema Sastry
292803,The Pigeon Tunnel
83339,Main Prem Ki Diwani Hoon
186933,Paprika
213251,Don't Tempt the Devil
5313,The Scorpion King
83789,Siete minutos (Seven Minutes)
289051,Paper Tigers
248994,Sangue Misto
122218,The Sky Dragon
193655,Barmaley
176299,Tom and Jerry: Willy Wonka and the Chocolate Factory
104390,When Nietzsche Wept
291330,The Little Wars
215937,The Black Tulip
179777,A Noble Lie: Oklahoma City 1995
273575,La matanza caníbal de los garrulos lisérgicos
144650,The Wicked Within
245804,Steamship Arrival
92128,Disorder
292273,The Death of Yugoslavia
280712,Nadando em Dinheiro
117740,The Fake
170115,The Strange Case of Wilhelm Reich
266428,Radhe
193633,Bulbul Can Sing
201861,Don't Hug Me I'm Scared 4
183359,Faustina
271092,Ten Empty
175159,Water & Power: A California Heist
264506,International Lady
206062,Neptune's Feast
288847,Make Me Believe
272303,Shadow of the Castles
76709,Spider-Man: The Ultimate Villain Showdown
231789,Uncle Kruger
171677,Andrew Dice Clay: One Night with Dice
162534,Traveling Husbands
281138,18 Bronze Girls of Shaolin
147160,The Kill Reflex
287921,Coming of Age
122096,Tell Them Willie Boy is Here
261407,Cell Phone
160133,Junkers Come Here
225373,No Deposit
143649,Freedom
104231,Drug War (Du zhan)
179045,For a Cop's Hide
128109,"Dr. Black, Mr. Hyde"
121493,"Love, Money, Love"
209159,Window of the Soul
223884,Angels of Sin
42710,Ted Bundy
6667,Waco: The Rules of Engagement
145444,The Crazy Bunch
78854,Butterfly Dreaming
182151,Musical Farmer
285237,Bastardy
261931,Rub and Tug
268950,Trolls Holiday in Harmony
121967,Tender Scoundrel
214228,The Staggering Girl
52016,Nomad (Köshpendiler)
223268,What Rats Won't Do
173749,Macbeth
90007,Ghost from the Machine
148801,10%: What Makes a Hero?
223730,The Thief of Bagdad
239540,Fiance Killer
285543,Il Boemo
104518,Empire State
269806,El Materdor
8884,"Man with One Red Shoe, The"
26386,High Anxiety
285165,Bullet in the Head
139769,Erotic Ghost Story
145731,War of the Buttons
262205,Feast of Varanasi
184327,Beijing Bubbles
184355,The Spectre of Edgar Allan Poe
173547,Extraterrestrial
258463,The Commissioner
206236,Delicate Balance
757,Ashes of Time (Dung che sai duk)
263139,LEGO Monkie Kid: A Hero Is Born
166834,Missing Witnesses
6191,"Navigators, The"
229801,The Vampire Is Still Alive
149536,Pizza
138392,Buongiorno Papà
86947,Van Diemen's Land
243926,Moondance
228577,Reel Rock 14
105165,World Without End
168874,Born Of War
84496,Nickelodeon
259073,Quiet Days in Hollywood
113906,"Beast Must Die, The"
188831,The Gentle Indifference of the World
154540,Student Seduction
106062,Jackass Presents: Bad Grandpa
256663,She's Too Tall
290013,Angry Annie
212042,Dough Ray Me-ow
212895,Reason
289839,My Name Is Alfred Hitchcock
275021,Loving You
89371,Raging Phoenix (Deu suay doo)
287599,Cloudy Clouds
145759,American Warships
54278,Underdog
5607,"Son of the Bride (Hijo de la novia, El)"
124827,Ruby
6856,Yankee Doodle Dandy
128197,Hard Promises
3720,Sunshine
195621,Too Wise Wives
248240,Two Acres of Land
192157,The Angel
184299,Freedom on My Mind
90666,Crashing
119005,"Isabella, Duchess of the Devils"
254726,Dune
189455,Manly Games
234338,Zombie Bro
189749,Attention danger travail
198835,The Greatest Czechs
276173,Life on Liberty Street
257703,Nineties
139649,UMMAH - Unter Freunden
231631,The Stranger Game
128241,The Borrowers
171601,Stratton
197773,Symphony in Slang
81443,Counsellor at Law
89840,Killer Elite
172841,Longitude
32968,Guelwaar
276121,The Unmaking of a College
121415,Going Straight
210049,Lancaster Skies
205130,The Death of Dick Long
125858,Fashions of 1934
280278,Eating Miss Campbell
103723,Mean Girls 2
121533,War of the Planets
244752,Call Me Human
193609,Andrew Dice Clay: Dice Rules
220254,So Young 2: Never Gone
199213,Tomorrow is Another Day
244768,Cole
205917,Chess Fever
132674,Bright Angel
274617,The Takedown
194276,Nail Gun Massacre
215879,Gurkha
102856,3096 Days
97866,"Imposter, The"
228735,The Eighth Commissioner
275985,Father of the Bride
140226,An Almost Perfect Affair
292105,Repeated Absences
112895,Willow Creek
4549,Sweet Hearts Dance
5161,Intersection
284841,May They Rest in Revolt (Figures of War)
172253,The Night Before
227222,The Day Hitler Died
277996,Happy Face Murders
249340,The Death of Richie
253790,The Devil Made Me Do It
155545,Backtrack
284645,The Barn Part II
57970,U2 3D
129843,Plastic Paradise: The Great Pacific Garbage Patch
216487,The Way You Look Tonight
881,First Kid
98805,Miss Annie Rooney
272515,CALL TV
171511,Honeycomb
275405,Terrorizers
121304,Time Freak
155505,Mademoiselle C
84387,Boogie Woogie
170247,Population Zero
172329,Cheats
256691,Brilliant
144508,Legendary Assassin
63810,When Willie Comes Marching Home
169812,Patients
254370,Lightning Over Braddock: A Rustbowl Fantasy
246212,Empathy
3088,Harvey
124919,The Wind in the Willows
164395,I Am a Hero
112397,Belle Starr
192635,Star Slammer
242866,Fast Getaway II
110555,Love Meetings (Comizi d'amore)
61004,Year of the Gun
207305,What’s in the Darkness
214256,Meet the In-Laws
48555,Dr. Cyclops
257873,Long Lost Daughter
258513,Section 60: Arlington National Cemetery
186395,The Ballerina
258667,Erika's Hot Summer
200694,Cold Sweat
223362,In Danger and Dire Distress the Middle of the Road Leads to Death
260865,One Less God
243838,Servants
190511,Game Changers
176023,The Witchmaker
124649,Anything You Want
138610,The Gallows
97216,Passion Play
107024,Sel8nne
263853,Marriage Material
8380,Father Hood
110826,Brick Mansions
33376,"Tesseract, The"
177249,Louis Theroux: Drinking to Oblivion
292419,Report to Mother
128161,Alacrán enamorado
70864,Botched
32976,"Démons de Jésus, Les"
252112,Love in Whitbrooke
273273,Scrappily Married
181059,The Tommy Steele Story
1482,"Van, The"
274529,Interplanetary Revolution
71147,Death of a Cyclist (Muerte de un ciclista)
176761,Deep
274967,The Italian Machine
101984,"Colors of the Mountain, The (Los colores de la montaña)"
170669,"All Governments Lie: Truth, Deception, and the Spirit of I.F. Stone"
217773,The Next Generation Patlabor: Tokyo War
5544,Time After Time
214046,B.O.B.'s Big Break
281634,The Honeymoon
173105,The Projected Man
242518,Three-Cornered Moon
160700,Carnage Park
224046,Banksy and the Rise of Outlaw Art
282495,First Contact: An Alien Encounter
140231,Zeitoun
277210,The Idol Dancer
203978,Attack of The Dead: Osovets
154780,36
201318,Deer Woman
2401,Pale Rider
203312,The Way Things Go
94573,"Last Play at Shea, The"
99855,"World's Greatest Athlete, The"
118802,The Creeps
229633,Engel sucht Liebe
156307,Pardon My Sarong
101717,"Elusive Summer of '68, The (Varljivo leto '68)"
67316,"Children of Leningradsky, The"
162066,Frankenstein: The True Story
157973,The Holy Modal Rounders: Bound to Lose
228831,Purdah
123820,Slim
279114,Mimicry Freaks
26430,"Luna, La"
80183,8th Wonderland
155673,La Vache
204870,Scott's Pizza Tours
163242,Sequoia
202725,"I Am an Ox, I Am a Horse, I Am a Man, I Am a Woman"
181745,Plump Fiction
4754,"Wicker Man, The"
199858,Professor Dan Petory's Blues
86002,"Necessities of Life, The (Ce qu'il faut pour vivre)"
150946,Fast Workers
90469,Paranormal Activity 3
147508,Thunderground
79653,North West Mounted Police
5321,"Triumph of Love, The"
2774,Better Than Chocolate
273783,Black Cat
219468,Followed
118964,And Then There Was You
184273,Bella Donna's
104971,Imaginary Witness: Hollywood and the Holocaust
227010,Quiet Comes the Dawn
5292,Slap Shot
199728,Cry of the Innocent
191739,A Man and a Woman
223568,The Last Great Wilderness
177619,Cold Tango
213243,Ivan Tsarevich and the Grey Wolf 4
285807,A Slice of Chicago Romance
171579,Rising Fear
106609,Shatter Dead
58847,Why Not? (Eijanaika)
291457,Inside the Yellow Cocoon Shell
270982,Song of the Horse
103635,Pax Americana and the Weaponization of Space
286423,Phenomena
150944,Exclusive Story
183707,Fulano y Mengano
257129,3-Way Split
123749,The Rawhide Years
227280,Getaway
239044,Bar Mitzvah Boy
213746,Oggy and the Cockroaches: The Movie
212064,Nefta Football Club
1257,Better Off Dead...
193695,Raccoon Valley
202149,FANatic
237089,A Thousand Junkies
87197,Let the Bullets Fly
95216,Winning
142482,Monster Hunt
216831,Mobile Suit Gundam: The Origin I - Blue-Eyed Casval
178817,Tasmanian Devils
288571,Blue Beetle
6564,Lara Croft Tomb Raider: The Cradle of Life
282761,Love Stories Only Last 90 Minutes
257879,The Rockford Files: Friends and Foul Play
296737,Mystification ou L'histoire des portraits
192897,Revenge
285581,The Blackwell Ghost 6
245960,Chicago Rot
215125,Out in the Open
287561,Alma's Rainbow
33917,"Member of the Wedding, The"
289881,Joe Macbeth
238970,In God's Time
198839,Le nid
261905,Narita: Peasants of the Second Fortress
211103,The Swordsman in Double Flag Town
286945,Corazón de padre
184771,Kunjiramayanam
74504,Letters to Father Jacob (Postia pappi Jaakobille)
142382,Agneepath
158585,Bal-Can-Can
200808,The Wedding Party
290625,Hitmen
50153,Code Name: The Cleaner
125996,The Black Devil
7121,Adam's Rib
135559,Civilization
205665,Find Me
285953,Men in Black
4194,I Know Where I'm Going!
94839,"Fish Child, The (El niño pez)"
188327,Neobyknovennyy Match
198431,Bosko and Honey
6506,Fulltime Killer (Chuen jik sat sau)
204482,Julia Is
3312,"McCullochs, The"
255429,Jake's Women
8660,"Deluge, The (Potop)"
233665,The Real American: Joe McCarthy
8228,"Maltese Falcon, The (a.k.a. Dangerous Female)"
190963,Keep an Eye Out
186321,Pigeon: Impossible
263257,200 Meters
281508,This is Christmas
215003,Almost Love
221210,Vic the Viking and the Magic Sword
298127,It's What's Inside
269996,Donner - Private
132052,Crooks and Coronets
283469,Michael
220260,Jesus Trejo: Stay at Home Son
269232,In the Bogie Man's Cave
161944,The Last Brickmaker in America
135706,Traffic in Souls
259717,The Midas Touch
92681,Journey 2: The Mysterious Island
283303,Pareeksha
82005,"Extra Man, The"
271831,1+1: Exploring The Kinsey Reports
67847,Cialo
152515,Cabin Fever
219352,Made in Italy
280814,"Alice, Darling"
137339,Basil
231623,Shadow Realm
6303,"Andromeda Strain, The"
176929,Happy Death Day
205705,Romeo and Juliet Get Married
108214,"Prize of Peril, The (Prix du danger, Le)"
96451,Man Is Not a Bird (Covek nije tica)
102544,Below the Belt
251854,Don't Fool Me
96960,Tobor the Great
214076,Cruel Hearts
129873,Gardenia
189059,Des Kaisers neue Kleider
297013,Zoo
236081,The Art of Political Murder
289849,The MisEducation of Bindu
130758,Puss in Boots
211019,Ditch Day Massacre
217711,Georgetown
263035,Three Floors
250782,The Long Island Railroad Massacre: 20 Years Later
283085,The Snowy Day
204644,Mikhael
220196,Selfie Dad
282083,Sorry About the Demon
267412,The Good Neighbor
110058,Broderskab (Brotherhood)
137134,The Fish Fall in Love
97819,Witness to Murder
290017,Ghoomer
158597,The Robbery of the Third Reich
100289,"Pink Ribbons, Inc."
293761,Die Musterknaben 3 - 1000 und eine Nacht
190529,This is Congo
213794,Runaway
160728,Pond Hockey
252238,Magic Mountains
174517,Bedevil
277902,Delia's Gone
169722,The Zombie King
197889,Close
113501,Appleseed Alpha
148280,Truman
261935,Teenage Space Vampires
218905,"Faith, Fraud, & Minimum Wage"
276363,Code Name Banshee
4248,Josie and the Pussycats
88135,"Kind of Loving, A"
162490,Limbo
253844,My Girl and I
3895,"Watcher, The"
7167,Japanese Story
4091,Can't Buy Me Love
133859,Deli Man
292905,Quiet Freedom
154270,Les oiseaux de passage
173693,One Way
164981,Allied
2301,History of the World: Part I
182811,A Christmas Carol
227104,A Fire in the Cold Season
4768,"Dr. Mabuse: The Gambler (Dr. Mabuse, der Spieler)"
289845,The Unheard
204910,The Second Front
172225,Puck Hogs
226342,The Hot Touch
76085,Trash
126805,Gangsters
141700,Side Street Story
248586,Have You Ever Seen Fireflies?
227690,Rogue City
52670,"Harvest, The"
190329,Normandie nue
241662,Mister Max
170371,Space Mutiny
173609,Black Magic M-66
203865,Girl Hate
176383,Gospel Hill
66549,Going to Kansas City
104656,Across the Sierras
272329,Meskina
94780,Snow White and the Huntsman
92516,She Gods of Shark Reef
107143,Kinbaku
82744,Faster
5044,Foxes
184049,The Mystery of Green Hill
7149,Something's Gotta Give
197087,Daughter of Mine
5868,This Is Elvis
284409,Pursuit of Loneliness
2716,Ghostbusters (a.k.a. Ghost Busters)
242064,Beans
92518,King Kong Escapes (Kingu Kongu no gyakushû)
205112,Belaja strela
129205,Sands of the Kalahari
213125,Rubber's Lover
34473,"Star, The"
292537,Animal
110056,Our Modern Maidens
122220,The Man Without a Map
142632,Oh Willy...
229207,Wander
98015,Jack and Diane
128890,The Erotic Dreams of Cleopatra
246400,The Return
246344,Running Stumbled
253084,Stalags
50754,Record of a Tenement Gentleman (Nagaya shinshiroku)
106836,Amen
5803,I Spy
216875,Corky
280740,Mazzaropi - Meu Japão Brasileiro
290149,Divaldo: O Mensageiro da Paz
31889,"Five People You Meet in Heaven, The"
190717,Gallagher: Totally New
33863,"Trail of the Lonesome Pine, The"
280036,Sophia Loren
27831,Layer Cake
200668,Sometimes Always Never
104638,"Planet of the Future, The"
251456,Yesterday Never Ends
274465,Pavement
285619,Luckless in Love
287017,Maggie Moore(s)
843,Lotto Land
246886,Crossword Mysteries: Abracadaver
166980,La criatura
286477,Nel bagno delle donne
278824,"Argentina, 1985"
149958,The End of Summer
112501,Kabhi Haan Kabhi Naa
190137,1778 Stories of Me and My Wife
115075,"Swan Princess: Escape from Castle Mountain, The"
220916,Doña Herlinda and Her Son
211408,Beloved Clara
6236,Fear Strikes Out
263223,Montford: The Chickasaw Rancher
276793,The Luminous View
189319,"Dude, Where's the Party?"
208513,Wilderness Survival for Girls
198901,The Showdown
45100,Battle in Heaven (Batalla en el cielo)
250196,Oslo
233647,Nertsery Rhymes
172659,Reconversão
283307,Dear Father
220142,State Funeral
170561,The Flag of Iron
260439,L'autre
214810,Barbie: Star Light Adventure
513,Radioland Murders
124180,High Wall
143988,L.A. Bounty
243388,Waking the Sleeping Giant: The Making of a Political Revolution
196371,A German Youth
60494,Borderline
182481,Code of a Killer
59143,Super High Me
129460,Charleston
104247,"Fight, Zatoichi, Fight (Zatôichi kesshô-tabi) (Zatôichi 8)"
177511,I Give You My Word
186975,Love Is a Gun
242360,Creating The Queen's Gambit
4728,Rat Race
158866,Louis Theroux: Under The Knife
211279,The Killer Eye
122597,The Greengage Summer
174671,Rugantino
189321,Ten 'til Noon
119310,Days and Nights
240706,Through the Shadow
50151,Home of the Brave
141986,Santa Baby 2
240700,Tracking 'The Lion in Winter'
159439,The Count of Monte-Cristo
140072,Language of Love
131375,Six Days in Roswell
292281,The Making of Monsters
255003,Acting on Impulse
87330,"Target Shoots First, The"
146576,Within the Law
281250,Kuttavum Shikshayum
246116,1939
132567,Scarfies
44900,Beauty and the Bastard (Tyttö sinä olet tähti)
248504,Stay
131442,Underwater Dreams
281950,Manticore
284049,Over the Years
31975,Tombs of the Blind Dead (La noche del terror ciego)
142234,Our Man in Tehran
7139,In America
161732,Hollywood North
224879,Older
26806,American Ninja 5
199650,Tales of the Brothers Quay
287089,The Investigation: A Haunting in Sherwood
57041,Santa Claus Conquers the Martians
197009,Struggle: The Life and Lost Art of Szukalski
205645,To the Starry Island
299813,Deep Sky
223716,Scheherazade's New Tales
178469,Morgiana
286803,La playa de las seducciones
230305,The Face at the Window
189553,Macross 7: The Galaxy is Calling Me
232847,Skylines
73511,Horsemen
285967,Children of the Pyre
286163,Assassin
270898,Hotel Limbo
278370,Undercover Angel
248202,Under the Bed
104239,Farmageddon
134603,The Nun
184135,Anne Frank: The Whole Story
224985,Return of the Evil Fox
203555,Felony
248154,Run For Your Wife
247508,Seven Pistols for a Massacre
5879,Eight Crazy Nights (Adam Sandler's Eight Crazy Nights)
7110,Blind Beast (Môjuu)
207207,Friendly Fire
174665,Hampstead
199081,Jellyfish
187609,Amore a prima vista
110864,"Master Gunfighter, The"
116122,Comin' Round the Mountain
269936,Aziz Ansari: Nightclub Comedian
179683,Reservoir Cats
205279,The Passion of Martin
232501,Doc Holliday's Revenge
204450,Strawinsky and the Mysterious House
209387,Blood Trap
276053,Yellow Oleander
6986,Ben-Hur: A Tale of the Christ
126953,The Fabulous Baron Munchausen
99562,"Misérables, Les"
271981,Oscar Peterson: Black + White
103,Unforgettable
251178,Glitch!
244246,Bitter Harvest
172297,Reel Love
96277,"Rumble in Hong Kong (Nu jing cha) (Heroine, The)"
168514,Lover Boy
187969,Bad City
215949,The Conductor
211668,The Old Man Who Read Love Stories
134753,The Gangster
125223,The Woman on Pier 13
272673,Helter Skelter: An American Myth
45664,"King, The"
250190,Dixieland Droopy
267068,Skullduggery
184833,Hunter in the Dark
179661,Days of My Youth
166998,The deputy
27215,Badding
160780,Lafayette Escadrille
212795,Devilman Volume 3: Devilman Apocalypse
203579,Moonland
7442,Young Adam
287121,Rally Road Racers
118288,"Jonathan Rosenbaum, Present"
699,To Cross the Rubicon
256347,Rottentail
246446,The Blue Mountains: Part I
152964,The Invicible Cell
104406,Fill the Void (Lemale et ha'halal)
95480,Disneyland Dream
287317,Back and Forth
152099,Jesse Stone: Lost in Paradise
154350,Shuddh Desi Romance
257889,Dallas: The Early Years
32156,Hello Down There
207852,Sperm Whale
296641,Black Fox: The Rise and Fall of Adolf Hitler
4450,Bully
287003,Day Of Disappearance
2949,Dr. No
285843,The Beach Boys: Wouldn't It Be Nice
122930,El Robobo De La Jojoya
168496,Kill the Golden Goose
162680,Spirits' Homecoming
101222,Elevator
169384,Ian Harvie: May the Best Cock Win
104610,Komodo
169964,LD 50 Lethal Dose
5051,Italian for Beginners (Italiensk for begyndere)
227652,Grave Robbers
202449,A Brother's Love
122760,My 5 Wives
124188,Seagulls Over Sorrento
132074,No No: A Dockumentary
46115,Forever Mine
276441,TOC TOC
173779,Grow Your Own
2767,Illuminata
181741,The Face of Fu Manchu
232195,Siti
197271,Threesome
244554,Kick
4649,Wet Hot American Summer
185089,This Is How the World Ends
273129,Memory
277682,Desperate Waters
183065,The Mutants
4693,Idiot Box
196883,Somm 3
31367,"Chase, The"
76117,"King and the Clown, The (Wang-ui namja)"
264458,Star of David: Beauty Hunting
124643,The Hunters
277840,Raju Gari Gadhi
174821,The Babymoon
4257,"Girl, The"
7705,Pat and Mike
295257,Animal
158078,The Diary of Anne Frank
294331,Un paso al frente
182919,Slit Mouth Woman in LA
128324,Lunopolis
183791,Within the Whirlwind
195861,Just Charlie
74870,That Sinking Feeling
107410,Guest from the Future (Gostya iz buduschego)
219884,Team 33
249724,World of Tomorrow Episode Three: The Absent Destinations of David Prime
209523,Silent Möbius 2
167374,Wishin' and Hopin'
152123,James White
295127,Tulsa Burning: The 1921 Race Massacre
144946,Darkhunters
159786,Lost and Beautiful
173905,Corpse Party
6192,Open Hearts (Elsker dig for evigt)
980,"Yes, Madam (a.k.a. Police Assassins) (a.k.a. In the Line of Duty 2) (Huang gu shi jie)"
198811,All at Once
182635,Bharatham
200714,Don't Worry Baby
250418,A Quiet Dream
221144,September
287427,Naked Shadow
250834,Lupin the Third vs. Detective Conan
209885,Nasu: A Migratory Bird with Suitcase
137347,Dasepo Naughty Girls
237940,Fårö Document
88837,"Trotsky, The"
84248,"Organizer, The (I compagni)"
266646,Island of Lost Souls
296419,Baba Moroz i tayna Novogo Goda
251902,No Place to Go
266736,Murder in Black and White
210293,Dragon Against Vampire
146990,Banzai
246752,Castle Ghosts of England
51562,Babylon 5: The Gathering
208707,Pillertrillaren
138112,Angel and the Badman
294779,Best. Christmas. Ever!
294951,Everything is Love
232049,Willi Manages the Whole Thing
221963,Joanne Lees: Murder In The Outback
202679,Secrets of Chatsworth
128429,What Have You Done to Solange?
291829,Love Is in the Air
122623,Oliver Twist
226014,El camino
220788,Three Days of Rain
47131,Leaves from Satan's Book (Blade af Satans bog)
6170,"Black Stallion, The"
217945,The Dark Sleep
131528,Stone Cold Dead
92079,"Nazis: A Warning from History, The"
123510,Honky Tonk
170651,The Children of Iron Gods
114124,Newsfront
121785,The Substitute 2: School's Out
141357,Cyber Wars
153016,Bad Roomies
151589,Bloodworth
292883,A Real Job
214136,Johnny Winter: Down & Dirty
2747,"Little Shop of Horrors, The"
89043,"Classic, The (Klassikko)"
112923,Blood in the Mobile
239562,Red-Blooded American Girl II
235693,Insert Coin
282867,The Christmas Retreat
166972,Twilight of the Dark Master
291885,On Fire
82525,Nömadak TX
154246,The Watcher in the Attic
241360,The Long Green Line
212891,Bigil
168834,Orphan
211558,Dirty Vivancos III
103563,Which Way Is the Front Line From Here?  The Life and Time of Tim Hetherington
110157,April Showers
200078,The Colossus of New York
199736,Naruto the Movie: Legend of the Stone of Gelel
217525,American Cowslip
225591,Indochina: Children Gathering Rice Scattered by Western Women
283853,Female Jungle
174731,Lillian Russell
281120,A Brief History of John Baldessari
202819,The Merry Wives of Windsor
111462,"Beach Girls and the Monster, The"
104923,This is Martin Bonner
169588,Margaret Cho: PsyCHO
250286,Bar Giuseppe
210865,Bad Boys for Life
101653,Magadheera
197555,Dassehra
281432,Hideous
240670,Mulligan
104270,Cameron's Closet
172033,Fallen Angel
114172,"Shamrock Handicap, The"
82461,Tron: Legacy
215773,Lukas Storyteller
25778,Night Nurse
109359,Gerontophilia
72593,Ticker
69844,Harry Potter and the Half-Blood Prince
271721,"Hair Tie, Egg, Homework Books"
63853,Australia
2440,Another Day in Paradise
231149,Christmas at Dollywood
278666,Operation Dunaj
79213,Sade
6325,"Real Cancun, The"
197493,"Spirits of the Air, Gremlins of the Clouds"
210007,Stranded in Paradise
8769,"5th Musketeer, The (a.k.a. Fifth Musketeer, The)"
239188,Climate of the Hunter
79132,Inception
257793,The Night Never Sleeps
259813,Movies Are My Life: A Profile on Martin Scorsese
249274,Big Time Christmas
26264,Brother John
233283,The Last Film Festival
110221,Sky Riders
48877,Saw III
99089,Poor Little Rich Girl
4291,Nine to Five (a.k.a. 9 to 5)
279418,The Wide Blue Road
4159,3000 Miles to Graceland
32062,Courage Mountain
209655,Hell Girl
205527,Women He's Undressed
46912,Memento Mori (Yeogo goedam II)
292891,The Snow Queen
87697,Shoppen
203894,The African Lion
296517,Role Play
157065,Observance
27478,Ali G Indahouse
153100,"You're Out of Your Mind, Madicken"
5102,Rookie of the Year
103259,K-911
225021,Tarantino's Mind
297373,Bug Diner
89373,Ceremony
186269,Mikhaylo Lomonosov
116102,O Amor das Três Romãs
217671,Clementine
55040,Bitter Rice (Riso amaro)
179047,Burning the Future: Coal in America
289659,"He's a Bully, Charlie Brown"
167856,Bright Lights: Starring Carrie Fisher and Debbie Reynolds
2651,Frankenstein Meets the Wolf Man
165571,The Genius of Marie Curie: The Woman Who Lit up the World
177057,Murderers' Row
263325,Iberion
233953,The Woman in the Window
256187,How to Deter a Robber
209775,The Little Comrade
96428,From the Life of the Marionettes (Aus dem Leben der Marionetten)
272767,"Visit, or Memories and Confessions"
260675,All My Puny Sorrows
3435,Double Indemnity
184069,Accident Man
196131,Jake Squared
254799,"Be My Valentine, Charlie Brown"
257279,Krzysztof Kieslowski: I'm So-So...
295443,1962 Halloween Massacre
244944,Black Venus
194160,The Carrier
46604,Curse of the Pink Panther
130198,Oliver's Story
223626,James Veitch: Straight to VHS
145540,The Swindlers
249022,Fugitives
97526,"Sound of Fury, The"
244692,Aswang
273813,Ardaas
158027,SORI: Voice from the Heart
70970,Good
91976,"Grey, The"
91713,Boy Meets Girl
105630,Stitches
25804,Wild Boys of the Road
298141,Cold Meat
250392,La boda era a las doce
43556,Annapolis
283357,Partanen
250306,Mike Case in: The Big Kiss Off
60625,"Tall T, The"
144456,"All's Well, Ends Well 2012"
208699,Tjorven and Mysak
259945,Inside Lehman Brothers
71888,See You in the Morning
245270,Truly Texas Mexican
271076,Afghan Muscles
215501,Trois jours et une vie
165673,The People vs. Fritz Bauer
196661,Speak of the Devil
284167,Luther: The Fallen Sun
284827,The End of the World Begins with One Lie
438,"Cowboy Way, The"
86723,"Parking Lot Movie, The"
150760,Red Sky At Morning
120280,Bang Bang
244932,My Astonishing Self: Gabriel Byrne on George Bernard Shaw
173453,The Black Hen
280382,Carajita
4284,Frankie and Johnny
269276,When You Finish Saving the World
160191,Identicals
233089,The Owners
124847,"Piranha, Piranha"
25879,All Through the Night
189629,The Manslayer/The Virgin/The Shadow
31925,Royal Flash
277790,Sick of Myself
267742,Alsino and the Condor
172745,Bummer 2
262443,Dhoni
282955,The Perilous Internet Ring
71429,World's Greatest Dad
192813,"Bert Rigby, You're a Fool"
158280,"Chile, the Obstinate Memory"
191463,The Scarehouse
5334,Cadillac Man
55485,Fugitive Pieces
150663,"American Tragedy, An"
266262,Souvenir of Canada
177087,The Trail of the Broken Blade
281430,Immersion
142554,Der Clown - Tag der Vergeltung
274783,SpaceBoy
273217,The Hell Ship
264297,The Hitch
134902,Emmanuelle in the Country
199087,A Reckoning
229077,Reviving Ophelia
173041,Labors of Hercules
180313,Dead West
27811,Buddy
73772,"Long Day Closes, The"
142927,Sissi: The Fateful Years of an Empress
74668,District 13: Ultimatum (Banlieue 13 - Ultimatum)
188863,Louis Theroux: The City Addicted to Crystal Meth
221770,The Angry Guest
104116,"Road to Brown, The"
264586,The Making of Sgt. Pepper
207552,Business in Distress
131832,Once Upon A Mattress
212225,True History of the Kelly Gang
61816,Import/Export
127329,A House is Not a Home
197621,Pit Stop
144926,Sex Pot
160724,They Will Have To Kill Us First
134336,Mohra
27274,Cremaster 2
294945,Rush to Judgment
130394,The Mascot
110370,Barabbas
292423,Rome 11:00
281956,ManFish
121588,The (Dead Mothers) Club
295873,Lady Ballers
1055,Shadow Conspiracy
26693,It
294451,Camp Blood 666 Part 2: Exorcism of the Clown
177779,Dusk
87507,Suez
234538,Prodigy
44317,Kummeli Stories
274739,Ashman
247322,Robbery at 3 O'clock… and Half
284253,El Perro Molina
126981,The Wayward Girl
151733,Trevor Noah: You Laugh But It's True
2733,Vibes
83189,Merrill's Marauders
2113,Graveyard Shift (Stephen King's Graveyard Shift)
99594,Offender
183453,The Dreamer of Oz
175617,Given
3398,"Muppets Take Manhattan, The"
236675,New Wine
123864,Two Bits & Pepper
144844,Gaby
101579,Ocean Heaven
185269,My Old Man's Place
243250,Beat Down
79236,Yumeji
47292,Blizzard
90114,I Dream Too Much
175599,A Wolf from Vesyegonsk
53326,Them (Ils)
186605,Paradise 89
284089,The Most Dangerous Man in Europe
132668,All I Want for Christmas
140567,Sinful Davey
88380,Dylan Dog: Dead of Night
123639,Skylark
223586,Hyas and Stenorhynchus
154303,Behave Yourself!
154282,Habeas Corpus
262999,Spaceship To The Unknown
287107,Unknown Visitor
54248,A Dog's Breakfast
110692,Bride by Mistake
77538,Stray Cat Rock: Delinquent Girl Boss (Nora-neko rokku: Onna banchô)
6317,Cartouche
94439,Jumping the Broom
274711,Rose
156547,The Girl in the Photographs
8953,Stella Street
184511,Keep Off My Grass!
248746,Dormir y ligar: todo es empezar
212477,My Valentine
262853,Blush
194460,The Killing Edge
205513,Angelo
190277,Abandoned
242788,War Hunt
142298,The Golden Arrow
241032,Tom & Jerry
240214,Forky Asks a Question: What Is Art?
2293,Shadrach
6534,Hulk
113174,Breakfast for Two
91065,Bluebeard (Landru)
49856,"Page Turner, The (Tourneuse de pages, La)"
46194,Adam & Steve
212561,We Can't Go Home Again
123605,Hustling
208040,Sorry We Missed You
939,"Reluctant Debutante, The"
292595,Ara
125107,The Hessen Affair
55512,Can't Help Singing
296625,Tamara
88823,High Time (Big Daddy)
120278,Another Me
80033,"President's Man, The"
189873,Bao
84740,Open House
206307,Miles Davis: Birth of the Cool
6657,"Beast from 20,000 Fathoms, The"
240460,After We Fell
6074,Endangered Species
26497,Another Country
118960,Begone Dull Care
181871,Sea Salts
223886,Okafor's Law
133069,The Biggest Battle; Battle Force
7896,Ride the High Country
235807,The Dingles
283897,A Lynx in the Town
111921,The Fault in Our Stars
291377,Ms. Match
270974,The Adventures of an Octoberite
262531,The Shadow
247668,Hu-Du-Men
195471,Four Around a Woman
116337,Cyborg Cop III
175529,Being George Clooney
222613,Guest iin London
31083,Man Trouble
261675,"I Do, or Die: A Killer Arrangement"
164113,Gumball 3000: The Movie
171647,Pink Floyd: Live at Pompeii
4389,Lost and Delirious
49926,"Intruder, The (L'intrus)"
155117,Area 88
6611,Umberto D.
204938,Netherworld
107692,"Hijack That Went South, The (Kaappari)"
276113,Paradise Texas
264504,The Toolbox Killer
112193,Sexual Chronicles of a French Family (Chroniques sexuelles d'une famille d'aujourd'hui)
157691,Tenchi the Movie 2: The Daughter of Darkness
5179,Gloria
233171,Death to 2020
150379,Legend of the Millennium Dragon
187977,Not Cinderella's Type
146722,Cry of the Hunted
3896,"Way of the Gun, The"
273657,"Snoopy Presents: It’s the Small Things, Charlie Brown"
297321,The Redemption of Henry Myers
116233,Confidence Girl
230723,If Anything Happens I Love You
3939,Slumber Party Massacre II
146329,The Master and Margarita
118222,The Ultimate Thrill
267990,Une discussion politique
228769,This Emotional Life
281176,Touch 2: The Farewell Gift
203130,Cutterhead
178917,Mad Monkey Kung Fu
26708,Time to Kill (Tempo di uccidere)
93766,Wrath of the Titans
168076,We Can Be Heroes!
174913,Keet & Koen: The Treasure Hunt
8143,Lola Montès
281993,Crystal Eyes
269436,Something in the Dirt
113536,State Affairs (Une affaire d'état)
148970,Anguish
69444,5 Against the House
272213,To Be a Crook
217246,Doonby
168452,Lake Consequence
161812,VeggieTales: The Ballad of Little Joe
145096,Barbie & Her Sisters in the Great Puppy Adventure
145317,The Family Secret
106736,Bad Girls Go To Hell
240506,The Rocking Horsemen
136463,Jim Gaffigan: Beyond the Pale
185289,Weddings and Other Disasters
272919,Village of Haze
6322,Confidence
133221,The Man Who Skied Down Everest
153877,Eve's Christmas
245770,Permanent Collection
281942,Salt in My Soul
114361,Die Perlmutterfarbe
188159,The Revelation of the Pyramids
9013,Secret Honor
242264,Bruno v Tyson
292487,Coffee Wars
208867,The Hook
251354,Feline Follies
142080,The Conquest of Everest
189775,Kissing Candice
163244,Sequoia
167310,The Caretaker
200414,Case Closed: Countdown to Heaven
273057,Mariupolis
119424,A Viking Saga: The Darkest Day
175019,Explicit Ills
167836,Perry Mason: The Case of the Skin-Deep Scandal
190643,Thunder II
184009,The Cured
81708,Four Nights with Anna (Cztery noce z Anna)
246124,Prisión Ambar
152206,You Can't Get Away with Murder
207317,Overkill
132762,A Night Full of Rain
82701,Life Is All You Get (Das Leben ist eine Baustelle.)
137480,Una de Zombis
296595,Our Body
86332,Thor
203970,The Last Hit Man
68349,"Life and Times of Allen Ginsberg, The"
185853,Mustang Island
268624,Splendor in the Grass
277396,Invitation Only
203483,In Safe Hands
249658,Pixillation
1898,"Land Girls, The"
281462,Pink Posies
151226,Deathstalker and the Warriors from Hell
202866,Roger Corman: Hollywood's Wild Angel
260155,Rabbia Furiosa: Underdog
252938,Monkey Warfare
182261,Donald Gets Drafted
185017,Chasing 3000
6104,Monty Python Live at the Hollywood Bowl
110748,Wake Wood
107682,Escape to Athena
270808,A Fairy Tale After All
111700,"Girl He Left Behind, The"
128732,The Cop
196079,A Fire
270608,The Man in the Basement
259915,Jack Hunter and the Quest for Akhenaten's Tomb
110267,Season of Monsters (Szörnyek évadja)
296577,Malqueridas
153032,Dus
1128,"Fog, The"
1583,"Simple Wish, A"
49902,"Decameron, The (Decameron, Il)"
143880,Hunt to Kill
240370,Salut les Cubains
205809,Wonder Woman: Bloodlines
176099,The Resurrection of Gavin Stone
102152,Middle of Nowhere
194652,Simple Things
277950,Adam 2.0
169418,Alive
199257,Raiders of San Joaquin
2238,Seven Beauties (Pasqualino Settebellezze)
297977,The Heartbreak Agency
260595,All the Dirt on 'A Dirty Shame'
381,When a Man Loves a Woman
215669,Deep Ocean: Lights in the Abyss
190559,Mario
167096,Green is Gold
132634,Radiostars
82043,Little Red Flowers (Kan shang qu hen mei)
208689,Lo nunca visto
130660,The Happy Hooker
224673,Repression
98956,Barfi!
200494,Diamond Flash
205815,Justice League: Dawn of Apokolips
210153,Welcome to Christmas
221132,My Grandmother Fanny Kaplan
48783,Flags of Our Fathers
95058,Cosmopolis
239576,Drug$
145582,My Sister in Law
238274,Nf713
217220,Hearts of Fire
32440,If Looks Could Kill
232463,Mountain Men
172185,Sucker
154003,O princezně Jasněnce a létajícím ševci
135444,A.C.A.B.: All Cops Are Bastards
202267,The Dotted Line
297561,Gina
117166,Liar's Dice
296571,Love Reset
56620,"Deaths of Ian Stone, The"
214392,Girls of the White Orchid
120753,City Cops
250508,The Skunk Ape Lives
55740,Last Hero in China (Wong Fei Hung ji Tit gai dau ng gung)
91632,G.I. Joe: A Real American Hero (G.I. Joe: The MASS Device)
277864,Sniper: Rogue Mission
143948,"Children, Mother, and the General"
84118,Birdwatchers (BirdWatchers - La terra degli uomini rossi)
234247,They Had to See Paris
214344,Angel Terminators 2
98027,"Age of Innocence, The"
218879,Woods Are Wet
8849,Under the Cherry Moon
91054,Batman
102967,"Combat dans L'Ile, Le (Fire and Ice)"
275079,Chip 'n Dale: Rescue Rangers
124509,The Job
85215,Ninja Cheerleaders
132596,The Chain Reaction
265976,The Oratorio
286019,Plaga zombie
208527,The Dead One
269208,Living
258265,Linnea Quigley's Horror Workout
167624,Nemiche per la pelle
185477,"Georgia, Georgia"
276405,Snowbird
154622,The White Dove
200180,Access Code
51575,Wild Hogs
153294,Nadia and Sarra
278780,Zalava
241584,The Killing Field
160343,Bloodmoon
239248,Narco Sub
5608,"Das Experiment (Experiment, The)"
197007,Night Out
132036,Copperhead
129907,Familiar Ground
191221,Toxic Skies
152830,Khushi
237037,Stolen Harmony
296165,Lady of the Night
287709,Mem Famous
125095,Topaze
198805,The Comeback Kid
123779,The Devil Is a Sissy
113972,"Dreamworlds II: Desire, Sex, Power in Music Video"
205539,Lupin the Third: Lie of Fujiko Mine
237674,Ascension
243330,Shakedown - Return Of The Sontarans
281828,Paradise City
281324,Lynch / Oz
272189,Deadly Games
264021,Slumber Party Massacre
196775,Christmas Getaway
108888,Faithless
205144,La capture
97779,Steve Jobs: The Lost Interview
269246,Jailbreakers
485,Last Action Hero
191479,Smallfoot
179427,Dane Cook: Troublemaker
94222,Don't Eat the Pictures: Sesame Street at the Metropolitan Museum of Art
89806,"Proud and the Beautiful, The (Orgueilleux, Les) (Proud Ones, The)"
160430,Header
221973,DIVOS!
74510,"Girl Who Played with Fire, The (Flickan som lekte med elden)"
49769,Something Wild
248810,Satan's School for Girls
65640,Model
265630,Terror Stalks the Class Reunion
216173,Doc West
182141,The Grocery Boy
64099,Stuff and Dough (Marfa si banii)
280416,Anna
5673,Punch-Drunk Love
147471,Bravetown
156867,The Bandit Trail
2633,"Mummy, The"
260469,Apache Junction
264161,Collection
279442,Unboxed
136568,Evil Thoughts
248798,Killer Coach
138220,Hired Killer
206397,Eternity
238006,Escape Velocity
6930,Girlhood
7256,Touching the Void
279612,Sudigaadu
52227,"Darwin Awards, The"
91582,Stagecoach
268646,Barbarians
275427,El hombre de la isla
284143,Socialism
172785,Paragraph 78: Film One
40,"Cry, the Beloved Country"
293733,Project Eerie
155581,Pee-wee's Big Holiday
189175,Waxwork II: Lost in Time
224577,Fluidity
299959,The Idea of You
2444,24 7: Twenty Four Seven
206323,Dragon Ball Z: Broly – Second Coming
190777,Criticsized
283323,Shameful Secrets
278076,Orsai
77442,Darkness and Light (Hei an zhi guang)
58649,Napoléon
300221,Guest from the Future
8649,Gray Lady Down
127088,Suburban Gothic
146786,A Boy from Calabria
105618,Four Eyes and Six-Guns
262741,Clash by Night
99642,Tiny Toon Adventures: How I Spent My Vacation
187907,Thuppakki
146750,Frisky
239776,Three Hearts for Julia
125067,Waltz of the Toreadors
177681,Year Zero
134511,Flesh Eating Mothers
229157,Christmas Catch
106080,Fragment of Fear
266936,Colorz of Rage
153558,"Tom, Dick And Harry"
99768,Kiss the Bride
282349,"She, a Chinese"
98120,Wishmaster 2: Evil Never Dies
280002,Playmaker
6020,Alice Adams
110155,"Man Called Adam, A"
4608,"Innocent Man, An"
207223,Good Times
263425,The Lead
186555,The Cleanse
293041,If You Were the Last
5272,Time Out (L'emploi du temps)
238014,The Michelle Apartments
1646,RocketMan (a.k.a. Rocket Man)
34534,Four Brothers
68590,Horrorvision
59178,Tarzan Escapes
84736,Tuareg: The Desert Warrior (Tuareg - Il guerriero del deserto)
5177,"Magnificent Ambersons, The"
249690,In einem wilden Land
2280,Clay Pigeons
192841,Das schönste Mädchen der Welt
146674,The Gendarme and the Creatures from Outer Space
151339,The Case of Unfaithful Klara
4673,Tango & Cash
108248,Into the Mind
101068,"Solitude of Prime Numbers, The"
158362,La trattativa
206415,The Corrupted
232205,Santo Attacks the Witches
89730,"Children of Glory (Szabadság, szerelem)"
188477,Ali Wong: Hard Knock Wife
177999,Raw Justice
54,"Big Green, The"
4815,Hearts in Atlantis
97246,Charlie Chan in Egypt
278522,"Still Raining, Still Dreaming"
168488,The Howling: New Moon Rising
193003,David Blaine: Street Magic
118040,Love on a Pillow
216452,Skinned
277021,Radical Evil
279904,Kikka!
160255,The Lady Lies
210461,Love's Last Resort
171099,Tiger Claws II
252160,What if Gargiulo Finds Out?
216161,Least Among Saints
181817,Jack and Old Mac
149400,A Christmas Melody
225049,The Match
154504,Ellis in Glamourland
246424,Poppy
173147,My Stepdaughter
228925,Variola Vera
7134,"Element of Crime, The (Forbrydelsens Element)"
204996,Anarchist from Colony
268644,Shatner in Space
297493,Mami Wata
79496,Restless (Uro)
153228,Finisterre
142122,Dreamland: Area 51
261841,Sanak
222350,Edge City
274535,Barun Rai and the House on the Cliff
291246,Hollywood Dirt
163727,La ragazza e il generale
206635,Something's Got to Give
25898,Day of Wrath (Vredens dag)
195515,The Ghost of Lord Farquaad
264616,Da tie nu
299105,Kelsey Cook: The Hustler
116259,Courage of Lassie
210709,The Dunes
289069,Resident Evil: Death Island
230113,Voices
104101,Bloody Murder
122282,Pride and Prejudice
279266,Escape from Kabul
297483,Jungle Queen
283117,Mother Krause's Journey to Happiness
142306,Mr. Hercules Against Karate
252740,Deadly Deed: A Fixer Upper Mystery
69988,Humpday
164931,The Siege of Jadotville
235159,The Cost of Treachery
205188,Henri 4
178029,Films to Keep You Awake: To Let
199822,Belle's Magical World
84450,Tale of Cinema (Geuk jang jeon)
158836,The Stranger Within
231109,The Mule
106998,Zatoichi Goes to the Fire Festival (Zatôichi abare-himatsuri) (Zatôichi 21)
140653,Spirit of the Marathon
214684,Hallo Baby
206270,Cygnus
80768,Patsy
174367,Go North
207964,The True Don Quixote
210917,Lara
212679,By Hook or By Crook
218637,Lair of the Beast
4560,Watchers
133733,The hands
253196,Cousins
173003,Surf School
262939,La otra residencia
257663,Open
103549,"What's in a Name (Prénom, Le)"
200558,Deutschland 09 - 13 kurze Filme zur Lage der Nation
86856,To the Shores of Tripoli
258201,Hungama 2
295121,Everyone Will Burn
85211,Norwegian Wood (Noruwei no mori)
272009,Mission for the Dragon
163549,Argentino QL
154444,Swan Lake
26970,Face
239878,Build the Wall
129510,Vuonna 85
65669,"Streaks, The (Pregi)"
140038,Madly in Love
123777,Lucy Gallant
74868,Dorian Gray
280062,El Héroe
297327,Santo vs. Doctor Death
296115,Princess Cursed in Time
242152,The Alps - Climb of Your Life
132900,Half the Sky: Turning Oppression Into Opportunity for Women Worldwide
295751,Pindam
203833,Landing Up
7456,Valentin (Valentín)
156763,Multi-Facial
234302,The Tale of Genji
182511,Guru
81130,Tube Tales
171379,Ali Baba ve 7 Cüceler
214198,Adventure Boyz
88814,Fjols til fjells
281812,Chords
274757,The Gentle Gunman
171319,Dual
179679,The Secret Life of Brian
277588,Secret Headquarters
6700,"Other Side of the Bed, The (Otro lado de la cama, El)"
239822,Healing From Hate: Battle for the Soul of a Nation
175071,Two Jacks
144434,Bunshinsaba: Ouija Board
154832,Prince Bayaya
294351,"Once Upon a Time in the Wild, Wild West"
4523,Milagro Beanfield War
384,Bad Company
98751,"Awful Truth, The"
169548,Barry Hilton: The Live Series
5761,"Legend of the Lone Ranger, The"
222161,Underage
35347,Animal Farm
273985,Dreams on Wings
7836,Woodstock
271132,Los chicos con las chicas
248806,Taken: The Search for Sophie Parker
142438,Lake Fear
107984,Massacre Canyon
107354,Good Ol' Freda
144320,The Apprehenders
275215,A Tail of Love
293273,A Difficult Year
202545,La duquesa roja
127084,Suicide Room
252696,The Ninth Company
166233,Thirteen at Dinner
80695,Lbs.
134132,Massacre
246486,Freight Train: Slayer of Innocence
138721,Flight From Destiny
214208,Moleman 2: Demoscene
178989,Children of Sorrow
249088,Vikrithi
2049,"Happiest Millionaire, The"
143219,Crossbar
194947,Cam
257915,"The Prince, The Witch, and The Mermaid"
282389,Moon Heart
259629,Ebenezer
82749,Pigs and Battleships (Hogs and Warships) (The Flesh Is Hot) (Buta to gunkan)
147586,Beneath the Blue
295617,She Cat
207101,VS.
113692,Happy New Year (La Bonne Année)
251352,Cat's Cradle
254,Jefferson in Paris
288815,Stick Around
2496,Blast from the Past
114535,Rovaniemen markkinoilla
136355,Big Top Scooby-Doo!
270758,Interview
81046,Martha
140751,Almost Normal
210997,Only Humans
233989,Psychobitch
495,In the Realm of the Senses (Ai no corrida)
214951,Only
83134,Tucker & Dale vs Evil
221694,The Plumber
175721,Little Tony
240584,A Chance in the World
176629,Une femme piégée
71114,Brain Drain
210033,Christmas Next Door
278306,The Congress Dances
265564,Mi adorado Monster
69213,"Ranma ½: Big Trouble in Nekonron, China (Ranma ½: Chûgoku Nekonron daikessen! Okite yaburi no gekitô hen)"
176911,43: The Richard Petty Story
1588,George of the Jungle
130724,Hospital Massacre
265900,Like Cattle Towards Glow
283367,The Girl in the Fountain
294471,RDX: Robert Dony Xavier
160784,Model for Murder
65518,"Dungeonmaster, The"
130079,Enquiring Minds: The Untold Story of the Man Behind the National Enquirer
245738,Enrico Piaggio - An Italian Dream
174427,Savage Dog
158278,Víctimas Del Pecado
219824,Dreamland
24,Powder
156495,Jinx Money
3067,Women on the Verge of a Nervous Breakdown (Mujeres al borde de un ataque de nervios)
203535,P.K. and the Kid
100244,"East, The"
40973,"Wild Geese, The"
193505,The Delta
155495,The Vindicator
115633,Archangel
252350,Midsomer Rhapsody
146902,Condemned
298751,The Wonderful Story of Henry Sugar and Three More
287321,Yellow Crow
125277,Station West
111774,"Unreal Dream: The Michael Morton Story, An"
214324,Bacterium
145624,The Witch's Curse
233935,Mayor
234552,Black Pumpkin
281856,Dark Reprieve
175669,Tulip Fever
112074,Go Fast
70334,Hannah Montana: The Movie
94810,Eva
274635,Suicide for Beginners
161672,In the Family
222033,What Is Democracy?
150184,Jungle Girl and the Slaver
137910,The Restless
103444,Woody Allen: A Documentary
258805,One Night of Fear
208881,Der Hauptmann von Köpenick
273515,3 Years in Pakistan: The Erik Aude Story
5162,"Jo Jo Dancer, Your Life is Calling"
6196,Cradle 2 the Grave
289097,Gran Turismo
264105,We The Tiny House People
173369,You Were Never Really Here
111364,Godzilla
185447,Trade Off
289649,Smack Dab Kakha. Another Film
173725,The Glass Cell
217551,Männersache
264045,8:37 Rebirth
128713,Waltz Across Texas
299955,Atlas
278342,Barbie: Princess Adventure
273755,For Gunter’s Eyes Only
4674,Tap
108789,Beyond the Walls (Hors les murs)
8391,Big Wednesday
253640,Dazzle
151739,Dirty Grandpa
227226,The Big Wave Project: A Band of Brothers
294439,Demonoids from Hell
106163,"Touch of Sin, A (Tian zhu ding)"
242538,Artists and Models Abroad
30991,Powwow Highway
280272,The Curse of Humpty Dumpty
151441,BaadAsssss Cinema
193491,A Little Lust
173187,Never So Few
6786,Kiss of the Spider Woman
213954,Kaw
206387,Variações
150274,Shark Lake
179433,"Our Friend, Martin"
48001,"Bow, The (Hwal)"
8041,Passed Away
